标题,所属分组,状态,执行者,前置条件,步骤描述,预期结果,实际结果,用例类型,用例等级,标签
"【销项发票管理】开票申请单，搜索 -  销方名称下拉框的数据来源",销项发票管理|开票申请单|列表页面,已通过,,"登录有相应权限的用户，进入开票申请单页面","【1】1. 销方名称下拉框的数据来源","【1】1. 显示数据群组勾选且公司主体未注销的所有数据","【1】",无,P3,
"【销项发票管理】开票申请单，搜索 -  搜索框的默认值和文本",销项发票管理|开票申请单|列表页面,未通过,,"登录有相应权限的用户，进入开票申请单页面","【1】1. 搜索框的默认值【2】2. 搜索框的文本","【1】所有搜索框的值默认为空【2】1. ’销方名称‘下拉框2.‘购方税号’输入框3. '发生日期'日期选择器","【1】【2】",无,P3,
"【销项发票管理】开票申请单，搜索 -  单个搜索框的正向搜索",销项发票管理|开票申请单|列表页面,未通过,,"登录有相应权限的用户，进入开票申请单页面","【1】1.  ’销方名称‘下拉框，选择列表中存在的数据，其他搜索框为空，点击搜索【2】2. ‘购方税号’输入框，选择列表中存在的数据，其他搜索框为空，点击搜索【3】3. '发生日期'日期选择器，选择列表中存在的数据，其他搜索框为空，点击搜索","【1】页面过滤显示所有满足条件的数据【2】页面过滤显示所有满足条件的数据【3】页面过滤显示所有满足条件的数据","【1】【2】【3】",无,P2,
"【销项发票管理】开票申请单，搜索 -  单个搜索框的反向搜索",销项发票管理|开票申请单|列表页面,未通过,,"登录有相应权限的用户，进入开票申请单页面","【1】1. ’销方名称‘下拉框，选择列表中不存在的数据，其他搜索框为空，点击搜索【2】2. ‘购方税号’输入框，选择列表中不存在的数据，其他搜索框为空，点击搜索【3】3. '发生日期'日期选择器，选择列表中不存在的数据，其他搜索框为空，点击搜索","【1】页面显示“暂无数据”【2】页面显示“暂无数据”【3】页面显示“暂无数据”","【1】【2】【3】",无,P3,
"【销项发票管理】开票申请单，搜索 -  多个搜索框组合的正向搜索",销项发票管理|开票申请单|列表页面,未通过,,"登录有相应权限的用户，进入开票申请单页面","【1】1. 在两个及以上的输入框，输入列表中存在的数据，点击搜索","【1】页面过滤显示所有满足条件的数据","【1】",无,P3,
"【【销项发票管理】开票申请单，搜索 -  多个搜索框组合的反向搜索",销项发票管理|开票申请单|列表页面,未通过,,"登录有相应权限的用户，进入开票申请单页面","【1】1. 在两个及以上的搜索框，输入列表中不存在的数据，点击搜索","【1】页面显示“暂无数据”","【1】",无,P3,
"【销项发票管理】开票申请单，搜索 -  搜索内容为空",销项发票管理|开票申请单|列表页面,已通过,,"登录有相应权限的用户，进入开票申请单页面","【1】1. 搜索框内容为空，点击搜索","【1】页面显示所有的数据","【1】",无,P3,
"【销项发票管理】开票申请单，搜索 -  重置",销项发票管理|开票申请单|列表页面,已通过,,"登录有相应权限的用户，进入开票申请单页面","【1】1. 搜索框中数据为空，点击重置【2】2. 搜索框中输入数据，点击重置【3】3. 搜索框中输入数据，点击搜索后，点击重置","【1】搜索框中的内容清空【2】搜索框中的内容清空【3】搜索框中的内容清空","【1】【2】【3】",无,P3,
"【销项发票管理】开票申请单，搜索 -  收起",销项发票管理|开票申请单|列表页面,已通过,,"登录有相应权限的用户，进入开票申请单页面","【1】1. 在搜索区域展开时，点击收起","【1】搜索区域被收起","【1】",无,P3,
"【销项发票管理】开票申请单，搜索 -  展开",销项发票管理|开票申请单|列表页面,已通过,,"登录有相应权限的用户，进入开票申请单页面","【1】1. 在搜索区域收起时，点击展开","【1】搜索区域被展开，若搜索框中有数据正确显示","【1】",无,P3,
"【销项发票管理】开票申请单，推送待开 -  不勾选数据",销项发票管理|开票申请单|列表页面,已通过,,"登录有相应权限的用户，进入开票申请单页面","【1】1. 不勾选列表数据","【1】推送待开按钮置灰","【1】",无,P3,
"【销项发票管理】开票申请单，推送待开 -  勾选推送状态不满足条件的数据",销项发票管理|开票申请单|列表页面,未通过,,"登录有相应权限的用户，进入开票申请单页面","【1】1. 勾选申请单状态包括被拆分的数据，点击推送待开【2】2. 勾选申请单状态包括被合并的数据，点击推送待开","【1】给出友好提示【2】给出友好提示","【1】【2】",无,P3,
"【销项发票管理】开票申请单，推送待开 -  勾选推送状态满足条件的数据",销项发票管理|开票申请单|列表页面,未通过,,"登录有相应权限的用户，进入开票申请单页面","【1】1. 勾选单个或多个申请单状态为未处理/拆分形成/合并生成的数据，点击推送待开【2】2. 点击取消/X【3】3. 点击确认","【1】弹出二次确认【2】弹框关闭，无变化【3】1. 申请单状态/推送状态/操作更新2. 将选定的内容推送至待开具发票管理页面，数据和状态显示正确","【1】【2】【3】",无,P1,
"【销项发票管理】开票申请单，添加合并清单 -  不勾选数据",销项发票管理|开票申请单|列表页面,已通过,,"登录有相应权限的用户，进入开票申请单页面","【1】1. 不勾选列表数据","【1】添加合并清单按钮置灰","【1】",无,P3,
"【销项发票管理】开票申请单，添加合并清单 -  勾选购方名称不一致的数据",销项发票管理|开票申请单|列表页面,未通过,,"登录有相应权限的用户，进入开票申请单页面","【1】1. 勾选购方名称不一致的数据，点击添加合并清单按钮","【1】提示弹窗“购买方不为同一客户，请重新选择。”","【1】",无,P3,
"【销项发票管理】开票申请单，添加合并清单 - 勾选申请单状态不满足条件的数据",销项发票管理|开票申请单|列表页面,已通过,,"登录有相应权限的用户，进入开票申请单页面","【1】1. 勾选包括申请单状态不为未处理的数据（已拆分/拆分形成/已合并/被合并）的数据，点击添加合并清单按钮","【1】提示弹窗“申请单XXXXXXX、xxxx已经被合并/拆分，请核实。“","【1】",无,P3,
"【销项发票管理】开票申请单，添加合并清单 - 勾选满足条件的数据",销项发票管理|开票申请单|列表页面,已通过,,"登录有相应权限的用户，进入开票申请单页面","【1】1. 勾选购方名称一致且申请单状态不为未处理的数据，点击添加合并清单按钮","【1】添加到合并清单成功","【1】",无,P1,
"【销项发票管理】开票申请单，编码匹配 -  不勾选数据",销项发票管理|开票申请单|列表页面,阻塞,,"登录有相应权限的用户，进入开票申请单页面","【1】1. 不勾选列表数据","【1】编码匹配按钮置灰","【1】",无,P3,
"【销项发票管理】开票申请单，编码匹配 - 勾选商品编码不满足条件的数据",销项发票管理|开票申请单|列表页面,阻塞,,"登录有相应权限的用户，进入开票申请单页面","【1】1. 勾选包括商品编码为已匹配的数据，点击编码匹配按钮","【1】给出友好提示","【1】",无,P3,
"【销项发票管理】开票申请单，编码匹配 - 勾选商品编码满足条件的数据",销项发票管理|开票申请单|列表页面,阻塞,,"登录有相应权限的用户，进入开票申请单页面","【1】1. 勾选商品编码为未匹配的数据，点击编码匹配按钮","【1】1. 对所有编码状态为“未匹配”的明细数据，按照匹配规则进行规则映射。2. 配合后，商品编码列变为已匹配","【1】",无,P2,
"【销项发票管理】开票申请单，导入 -  不选择文件",销项发票管理|开票申请单|列表页面,已通过,,"登录有相应权限的用户，进入开票申请单页面","【1】1. 点击导入按钮【2】2. 不选择文件，点击确认","【1】打开导入弹框【2】给出友好提示","【1】【2】",无,P3,
"【销项发票管理】开票申请单，导入 -  选择文件类型",销项发票管理|开票申请单|列表页面,未通过,,"登录有相应权限的用户，进入开票申请单页面，打开导入弹框","【1】1. 选择不符合的文件类型","【1】给出友好提示","【1】",无,P3,
"【销项发票管理】开票申请单，导入 -  选择文件大小",销项发票管理|开票申请单|列表页面,已通过,,"登录有相应权限的用户，进入开票申请单页面，打开导入弹框","【1】1. 选择超过最大大小的文件","【1】给出友好提示","【1】",无,P3,
"【销项发票管理】开票申请单，导入 -  选择多个文件",销项发票管理|开票申请单|列表页面,已通过,,"登录有相应权限的用户，进入开票申请单页面，打开导入弹框","【1】1. 选择多个文件","【1】只支持选择单个文件","【1】",无,P3,
"【销项发票管理】开票申请单，导入 -  取消/X",销项发票管理|开票申请单|列表页面,已通过,,"登录有相应权限的用户，进入开票申请单页面，打开导入弹框","【1】1. 点击取消/X","【1】弹框关闭","【1】",无,P3,
"【销项发票管理】开票申请单，导入 -  正向效验",销项发票管理|开票申请单|列表页面,未通过,,"登录有相应权限的用户，进入开票申请单页面，打开导入弹框","【1】1. 选择符合条件的业务开具申请单，点击确定","【1】1. 提示导入成功2. 数据正确显示在列表3. 申请单状态为未处理，推送状态为待提交，商品编码为未匹配","【1】",无,P2,
"【销项发票管理】开票申请单，导入记录",销项发票管理|开票申请单|列表页面,未通过,,"登录有相应权限的用户，进入开票申请单页面","【1】1. 点击导入记录【2】2. 导入记录的数据正确性【3】2. 导入记录的操作","【1】1. 打开导入记录弹框【2】1. 显示所有的导入记录数据及状态【3】1.取消/下载/翻页等操作可成功操作","【1】【2】【3】",无,P3,
"【销项发票管理】开票申请单，待合并清单 - 点击打开弹框",销项发票管理|开票申请单|列表页面,未通过,,"登录有相应权限的用户，进入开票申请单页面","【1】1. 点击待合并清单文件图标【2】2. 合并价税合计金额验证【3】3. 待合并清单的数据验证【4】4. 列名及操作显示验证【5】4. 操作的验证","【1】1. 打开待合并清单弹框【2】1. 合并价税金额为待合并清单的合计【3】1.显示添加合并清单时勾选的所有数据，且所有列的信息正确【4】1.列名为流水号/销方名称/购方名称/j价税合计/操作【5】1.显示删除操作","【1】【2】【3】【4】【5】",无,P3,
"【销项发票管理】开票申请单，待合并清单弹框 -  不勾选数据",销项发票管理|开票申请单|列表页面,已通过,,"登录有相应权限的用户，进入开票申请单页面，打开待合并清单弹框","【1】1. 不勾选列表数据","【1】合并按钮置灰","【1】",无,P3,
"【销项发票管理】开票申请单，待合并清单弹框 -  勾选购方名称不一致的数据",销项发票管理|开票申请单|列表页面,未通过,,"登录有相应权限的用户，进入开票申请单页面，打开待合并清单弹框","【1】1. 勾选购方名称不一致的数据，点击合并按钮","【1】提示弹窗“购买方不为同一客户，请重新选择。”","【1】",无,P3,
"【销项发票管理】开票申请单，待合并清单弹框 -  勾选购方名称为空的数据",销项发票管理|开票申请单|列表页面,已通过,,"登录有相应权限的用户，进入开票申请单页面，打开待合并清单弹框","【1】1. 勾选购方名称为空的数据，点击合并按钮","【1】给出购买方必须不为空的相关友好提示","【1】",无,P3,
"【销项发票管理】开票申请单，待合并清单弹框 - 勾选申请单状态不满足条件的数据",销项发票管理|开票申请单|列表页面,未通过,,"登录有相应权限的用户，进入开票申请单页面，打开待合并清单弹框","【1】1. 勾选包括申请单状态不为未处理的数据（已拆分/拆分形成/已合并/被合并）的数据，点击合并按钮","【1】提示弹窗“申请单XXXXXXX、xxxx已经被合并/拆分，请核实。“","【1】",无,P3,
"【销项发票管理】开票申请单，待合并清单弹框 - 勾选满足条件的数据",销项发票管理|开票申请单|列表页面,已通过,,"登录有相应权限的用户，进入开票申请单页面，打开待合并清单弹框","【1】1. 勾选购方名称一致且申请单状态为未处理的数据，点击合并按钮","【1】1. 打开发票合并弹框2. 发票合并弹框列表显示正确的数据及总计金额和税额","【1】",无,P2,
"【销项发票管理】开票申请单，待合并清单弹框 - 删除",销项发票管理|开票申请单|列表页面,未通过,,"登录有相应权限的用户，进入开票申请单页面，打开待合并清单弹框","【1】1. 点击删除【2】2. 二次确认弹框，点击取消/X【3】3. 二次确认弹框，点击确认","【1】1. 弹出二次确认【2】1. 二次弹框关闭，删除取消【3】1. 二次弹框关闭，删除的数据在待合并清单弹框被成功移除","【1】【2】【3】",无,P3,
"【销项发票管理】开票申请单，待合并清单弹框 - 取消/X",销项发票管理|开票申请单|列表页面,已通过,,"登录有相应权限的用户，进入开票申请单页面，打开待合并清单弹框","【1】1. 点击取消/X，待合并清单关闭【2】1. 勾选数据，点击取消/X","【1】1. 待合并清单关闭【2】1. 待合并清单关闭2. 再次打开待合并清单弹框，正确展示数据且数据未被勾选","【1】【2】",无,P3,
"【销项发票管理】开票申请单，待合并清单弹框 - 翻页或滚动条",销项发票管理|开票申请单|列表页面,已通过,,"登录有相应权限的用户，进入开票申请单页面，打开待合并清单弹框","【1】1. 翻页或滚动条效验","【1】1. 功能可正常使用","【1】",无,P3,
"【销项发票管理】开票申请单，操作 - 明细操作可见的状态",销项发票管理|开票申请单|列表页面,已通过,,"登录有相应权限的用户，进入开票申请单页面","【1】1. 申请单状态为任何状态下","【1】明细操作均可见","【1】",无,P3,
"【销项发票管理】开票申请单，操作 - 明细操作可见的状态",销项发票管理|开票申请单|列表页面,已通过,,"登录有相应权限的用户，进入开票申请单页面","【1】1. 申请单状态为任何状态下","【1】明细操作均可见","【1】",无,P3,
"【销项发票管理】开票申请单，操作 - 推送操作可见的状态",销项发票管理|开票申请单|列表页面,已通过,,"登录有相应权限的用户，进入开票申请单页面","【1】1. 申请单状态为被拆分/被合并【2】2. 申请单状态为未处理/拆分形成/合并形成","【1】推送操作不可见【2】推送操作可见","【1】【2】",无,P3,
"【销项发票管理】开票申请单，操作 - 推送",销项发票管理|开票申请单|列表页面,未通过,,"登录有相应权限的用户，进入开票申请单页面","【1】1. 申请单状态为未处理/拆分形成/合并形成，点击推送","【1】1. 推送状态为已提交，操作更新 - 仅展示明细操作2. 将选定的内容推送至待开具发票管理页面，数据和状态显示正确","【1】",无,P3,
"【销项发票管理】开票申请单，操作 - 删除操作可见的状态",销项发票管理|开票申请单|列表页面,未通过,,"登录有相应权限的用户，进入开票申请单页面","【1】1. 申请单状态为被拆分/拆分形成/合并形成/被合并【2】2. 申请单状态为被拆分/拆分形成/合并形成/被合并","【1】删除操作不可见【2】删除操作可见","【1】【2】",无,P3,
"【销项发票管理】开票申请单，操作 - 删除",销项发票管理|开票申请单|列表页面,未通过,,"登录有相应权限的用户，进入开票申请单页面","【1】1. 申请单状态为被拆分/拆分形成/合并形成/被合并的状态，点击删除操作【2】2. 在二次确认弹框中，点击取消/X【3】3. 在二次确认弹框中，点击确定","【1】1. 弹出二次确认弹框【2】1. 二次确认弹框关闭，删除取消【3】1. 删除数据并同步删除子表明细","【1】【2】【3】",无,P3,
"【销项发票管理】开票申请单，操作 - 还原操作可见的状态",销项发票管理|开票申请单|列表页面,已通过,,"登录有相应权限的用户，进入开票申请单页面","【1】1. 申请单状态为未处理/拆分形成/被合并【2】2. 申请单状态为被拆分/合并形成","【1】还原操作不可见【2】还原操作可见","【1】【2】",无,P3,
"【销项发票管理】开票申请单，操作 - 还原",销项发票管理|开票申请单|列表页面,未通过,,"登录有相应权限的用户，进入开票申请单页面","【1】1. 申请单状态为被拆分/合并形成，点击还原","【1】1. 拆分形成和合并形成的数据被移除，只显示原数据2. 申请单状态更新为未处理","【1】",无,P3,
"【销项发票管理】开票申请单，操作 - 拆分操作可见的状态",销项发票管理|开票申请单|列表页面,已通过,,"登录有相应权限的用户，进入开票申请单页面","【1】1. 申请单状态为被拆分/拆分形成/合并形成/被合并【2】2. 申请单状态为未处理","【1】1. 拆分操作不可见【2】1. 拆分操作可见","【1】【2】",无,P3,
"【销项发票管理】开票申请单，操作 - 拆分操作",销项发票管理|开票申请单|列表页面,未通过,,"登录有相应权限的用户，进入开票申请单页面","【1】1. 申请单状态为未处理，点击拆分操作","【1】1. 打开选择发票拆分方式弹框","【1】",无,P3,
"【销项发票管理】开票申请单，翻页",销项发票管理|开票申请单|列表页面,已通过,,"登录有相应权限的用户，进入待开具发票管理页面","【1】1. 数据超过一页时","【1】1. 点击页数跳转成功2. 输入页码跳转成功3. 点击页码跳转成功4. 点击<>跳转成功5. 切换每页显示条数成功6. 输入不合法的页码被自动清除","【1】",无,P3,
"【销项发票管理】开票申请单，操作 - 明细 - 点击明细打开发票明细弹框",销项发票管理|开票申请单|明细,未通过,,"登录有相应权限的用户，进入开票申请单页面","【1】1. 点击明细","【1】1. 打开发票明细弹框2. 合计的金额和税额显示正确3. 列表的数据显示正确4. 操作栏中显示编码维护操作","【1】",无,P2,
"【销项发票管理】开票申请单，操作 - 明细弹框 -翻页",销项发票管理|开票申请单|明细,未通过,,"登录有相应权限的用户，进入开票申请单页面，打开发票明细弹框","【1】1. 在发票明细弹框中，数据超过一页时","【1】1. 点击页数跳转成功2. 输入页码跳转成功3. 点击页码跳转成功4. 点击<>跳转成功5. 切换每页显示条数成功6. 输入不合法的页码被自动清除","【1】",无,P3,
"【销项发票管理】开票申请单，操作 - 明细弹框 -取消/X",销项发票管理|开票申请单|明细,已通过,,"登录有相应权限的用户，进入开票申请单页面，打开发票明细弹框","【1】1.在发票明细弹框中，点击取消/X","【1】1. 发票明细弹框关闭","【1】",无,P3,
"【销项发票管理】开票申请单，操作 -  明细弹框 - 点击编码维护打开编码维护弹框",销项发票管理|开票申请单|明细,未通过,,"登录有相应权限的用户，进入开票申请单页面，打开发票明细弹框","【1】1. 在发票明细弹框中，点击编码维护弹框","【1】1. 打开商品编码维护弹框2. 商品编码维护弹框的数据显示正确3. 税收分类名称和税率置灰","【1】",无,P2,
"【销项发票管理】开票申请单，操作 -  明细 - 编码维护 - 取消/X",销项发票管理|开票申请单|明细,已通过,,"登录有相应权限的用户，进入开票申请单页面，打开发票明细弹框","【1】1. 打开编码维护弹框，点击取消/X","【1】1. 当前商品编码维护弹框关闭，操作取消","【1】",无,P3,
"【销项发票管理】开票申请单，操作 -  明细 - 编码维护 - 必填项效验",销项发票管理|开票申请单|明细,阻塞,,"登录有相应权限的用户，进入开票申请单页面，打开发票明细弹框","【1】1. 打开编码维护弹框，必填项为空点击确定","【1】1. 提示必填项未填","【1】",无,P3,
"【销项发票管理】开票申请单，操作 -  明细 - 编码维护 - 下拉框数据验证",销项发票管理|开票申请单|明细,阻塞,,"登录有相应权限的用户，进入开票申请单页面，打开发票明细弹框","【1】1. 打开编码维护弹框，点击优惠政策名称下拉框","【1】1. 下拉框的数据为免税/不征税/简易征收","【1】",无,P3,
"【销项发票管理】开票申请单，操作 -  明细 - 编码维护 - 输入框最大长度效验",销项发票管理|开票申请单|明细,阻塞,,"登录有相应权限的用户，进入开票申请单页面，打开发票明细弹框","【1】1. 打开编码维护弹框，在输入框输入超过最大长度的数据","【1】1. 给出友好提示","【1】",无,P3,
"【销项发票管理】开票申请单，操作 -  明细 - 编码维护 - 确定",销项发票管理|开票申请单|明细,阻塞,,"登录有相应权限的用户，进入开票申请单页面，打开发票明细弹框","【1】1. 打开编码维护弹框，输入合法的数据，点击确定","【1】1. 当前商品编码维护弹框关闭，数据回写到发票明细弹框","【1】",无,P2,
"【销项发票管理】开票申请单，操作 -  明细 - 编码维护 - 打开选择税收分类编码",销项发票管理|开票申请单|明细,阻塞,,"登录有相应权限的用户，进入开票申请单页面，打开发票明细弹框","【1】1. 打开编码维护弹框，点击税收分类编码下拉框【2】2. 打开编码维护弹框，点击税收分类编码旁的查询icon","【1】1. 打开选择税收分类编码弹框【2】1. 打开选择税收分类编码弹框","【1】【2】",无,P3,
"【销项发票管理】开票申请单，操作 -  明细 - 编码维护 - 打开选择税收分类编码",销项发票管理|开票申请单|明细,阻塞,,"登录有相应权限的用户，进入开票申请单页面，打开发票明细弹框","【1】1. 打开编码维护弹框，点击税收分类编码下拉框【2】2. 打开编码维护弹框，点击税收分类编码旁的查询icon","【1】1. 打开选择税收分类编码弹框【2】1. 打开选择税收分类编码弹框","【1】【2】",无,P3,
"【销项发票管理】开票申请单，明细 -  税收分类编码弹框 - 搜索框 -搜索框为空",销项发票管理|开票申请单|明细,已通过,,"登录有相应权限的用户，进入开票申请单页面，打开发票明细弹框 - 税收分类编码弹框","【1】1.所有搜索框为空，点击查询","【1】1. 列表显示所有数据","【1】",无,P3,
"【销项发票管理】开票申请单，明细 -  税收分类编码弹框 - 搜索框 - 商品编码复原下拉框",销项发票管理|开票申请单|明细,阻塞,,"登录有相应权限的用户，进入开票申请单页面，打开发票明细弹框 - 税收分类编码弹框","【1】1. 点击商品编码复用下拉框【2】2. 在商品编码复用下拉框选择值，点击查询","【1】1. 提取【商品维护】功能中曾经维护过的相关商品名称2. 选择后对商品编码/商品名称输入框禁用【2】1. 提取【商品维护】功能中曾经维护过的相关商品名称2. 对其相关编码在列表中直接回显","【1】【2】",无,P3,
"【销项发票管理】开票申请单，明细 -  税收分类编码弹框 - 搜索框 - 商品编码输入框",销项发票管理|开票申请单|明细,已通过,,"登录有相应权限的用户，进入开票申请单页面，打开发票明细弹框 - 税收分类编码弹框","【1】1. 在商品编码输入框输入满足条件的数据，点击查询【2】1. 在商品编码输入框输入不满足条件数据，点击查询","【1】1. 商品编码复原下拉框禁用2. 进行模糊搜索，列表中直接回显【2】1. 商品编码复原下拉框禁用2. 列表显示暂无数据","【1】【2】",无,P3,
"【销项发票管理】开票申请单，明细 -  税收分类编码弹框 - 搜索框 -商品分类名称输入框",销项发票管理|开票申请单|明细,已通过,,"登录有相应权限的用户，进入开票申请单页面，打开发票明细弹框 - 税收分类编码弹框","【1】1. 在商品分类名称输入框输入满足条件的数据，点击查询【2】1. 在商品分类名称输入框输入不满足条件数据，点击查询","【1】1. 商品编码复原下拉框禁用2. 进行模糊搜索，列表中直接回显【2】1. 商品编码复原下拉框禁用2. 列表显示暂无数据","【1】【2】",无,P3,
"【销项发票管理】开票申请单，明细 -  税收分类编码弹框 - 搜索框 -商品编码/商品分类名称输入框",销项发票管理|开票申请单|明细,已通过,,"登录有相应权限的用户，进入开票申请单页面，打开发票明细弹框 - 税收分类编码弹框","【1】1. 在商品编码和商品分类名称输入框输入满足条件的数据，点击查询【2】1. 在商品编码和商品分类名称输入框输入不满足条件数据，点击查询","【1】1. 商品编码复原下拉框禁用2. 进行模糊搜索，列表中直接回显【2】1. 商品编码复原下拉框禁用2. 列表显示暂无数据","【1】【2】",无,P3,
"【销项发票管理】开票申请单，明细 -  税收分类编码弹框 - 列表数据显示",销项发票管理|开票申请单|明细,已通过,,"登录有相应权限的用户，进入开票申请单页面，打开发票明细弹框 - 税收分类编码弹框","【1】1. 选择搜索条件，点击查询","【1】1. 列表显示商品维护中对应的数据2. 弹窗固定高度，通过滑块控制，不分页","【1】",无,P3,
"【销项发票管理】开票申请单，明细 -  税收分类编码弹框 - 选择",销项发票管理|开票申请单|明细,未通过,,"登录有相应权限的用户，进入开票申请单页面，打开发票明细弹框 - 税收分类编码弹框","【1】1. 在列表中选择一行数据，点击选择","【1】1. 税收分类编码弹框关闭2. 选择的数据回写到商品编码维护弹框中","【1】",无,P3,
"【销项发票管理】开票申请单，打开发票合并弹框",销项发票管理|开票申请单|合并,未通过,,"登录有相应权限的用户，进入开票申请单页面，打开待合并清单弹框","【1】1. 在待合并清单弹框中，勾选数据，点击合并","【1】打开发票合并弹框，列表显示正确的数据","【1】",无,P3,
"【销项发票管理】开票申请单，发票合并弹框 - 合并规则 - 选择为空",销项发票管理|开票申请单|合并,未通过,,"登录有相应权限的用户，进入开票申请单页面，打开发票合并弹框","【1】1. 合并规则为空时，点击预览","【1】给出友好提示","【1】",无,P3,
"【销项发票管理】开票申请单，发票合并弹框 - 合并规则 - 单选",销项发票管理|开票申请单|合并,已通过,,"登录有相应权限的用户，进入开票申请单页面，打开发票合并弹框","【1】1. 合并规则选择单个合并条件（税率），点击预览","【1】1. 打开预览弹框，按税率合并显示","【1】",无,P3,
"【销项发票管理】开票申请单，发票合并弹框 - 合并规则 - 多选（包括税率）",销项发票管理|开票申请单|合并,已通过,,"登录有相应权限的用户，进入开票申请单页面，打开发票合并弹框","【1】1. 合并规则选择多个合并条件（包括税率），点击预览","【1】1. 打开预览弹框，按选择的条件合并显示","【1】",无,P3,
"【销项发票管理】开票申请单，发票合并弹框 - 合并规则 - 不选择税率",销项发票管理|开票申请单|合并,已通过,,"登录有相应权限的用户，进入开票申请单页面，打开发票合并弹框","【1】1. 合并规则不选择税率时，点击预览","【1】1. 给出友好提示","【1】",无,P3,
"【销项发票管理】开票申请单，发票合并弹框 - 合并后数量为1",销项发票管理|开票申请单|合并,未通过,,"登录有相应权限的用户，进入开票申请单页面，打开发票合并弹框","【1】1. 合并后数量为1的默认状态【2】2. 选择合并规则，开启合并后数量为1，点击预览【3】3. 选择合并规则，不开启合并后数量为1，点击预览","【1】1. 正确显示【2】1. 打开预览弹框，数量均显示为1【3】1. 打开预览弹框，数量为正确的合并后数量","【1】【2】【3】",无,P3,
"【销项发票管理】开票申请单，发票合并弹框 - 仅做明细行合并",销项发票管理|开票申请单|合并,已通过,,"登录有相应权限的用户，进入开票申请单页面，打开发票合并弹框","【1】1. 仅做明细行合并的默认状态【2】2. 选择合并规则，开启仅做明细行合并，点击预览【3】3. 选择合并规则，不开启仅做明细行合并，点击预览","【1】1. 正确显示【2】1. 启用后，合并规则被禁用并清空2.打开预览弹框，对发票明细进行追加，不进行明细合并【3】1. 打开预览弹框，根据合并规则和合并数量进行合并","【1】【2】【3】",无,P3,
"【销项发票管理】开票申请单，发票合并弹框 - 合计的显示",销项发票管理|开票申请单|合并,已通过,,"登录有相应权限的用户，进入开票申请单页面，打开发票合并弹框","【1】1. 合计的显示","【1】1. 正确显示总金额和总税额","【1】",无,P3,
"【销项发票管理】开票申请单，发票合并弹框 - 查看明细 - 默认状态",销项发票管理|开票申请单|合并,已通过,,"登录有相应权限的用户，进入开票申请单页面，打开发票合并弹框","【1】1. 查看明细默认状态","【1】1. 默认明细是收起的","【1】",无,P3,
"【销项发票管理】开票申请单，发票合并弹框 - 查看明细 - 展开",销项发票管理|开票申请单|合并,已通过,,"登录有相应权限的用户，进入开票申请单页面，打开发票合并弹框","【1】1. 查看明细为收起的状态时【2】2. 点击展开icon","【1】1. 显示展开icon【2】1. 展开明细条目内容","【1】【2】",无,P3,
"【销项发票管理】开票申请单，发票合并弹框 - 查看明细 - 收起",销项发票管理|开票申请单|合并,已通过,,"登录有相应权限的用户，进入开票申请单页面，打开发票合并弹框","【1】1. 查看明细为展开的状态时【2】2. 点击收起icon","【1】1. 显示收起icon【2】1. 明细被收起","【1】【2】",无,P3,
"【销项发票管理】开票申请单，发票合并弹框 - 查看明细 - 弹框高度和滑块",销项发票管理|开票申请单|合并,已通过,,"登录有相应权限的用户，进入开票申请单页面，打开发票合并弹框","【1】1. 查看明细的弹框高度和滑块","【1】1. 固定高度，通过滑块管理","【1】",无,P3,
"【销项发票管理】开票申请单，发票合并弹框 - 打开预览弹框",销项发票管理|开票申请单|合并,未通过,,"登录有相应权限的用户，进入开票申请单页面，打开发票合并弹框","【1】1. 选择合并条件后点击预览按钮","【1】1. 打开预览弹框，显示正确的合并数据","【1】",无,P3,
"【销项发票管理】开票申请单，发票合并 - 合并预览弹框 - 合并表头信息的正确显示",销项发票管理|开票申请单|合并,未通过,,"登录有相应权限的用户，进入开票申请单页面，打开发票合并弹框","【1】1. 业务流水号的显示【2】2. 购买方名称的显示【3】3. 合计金额和税额的显示","【1】显示点击预览后系统自动生成TMS业务流水号【2】显示发票的购买方名称【3】显示正确的订单合计金额和税额","【1】【2】【3】",无,P3,
"【销项发票管理】开票申请单，发票合并 - 合并预览弹框 - 查看明细 - 默认状态",销项发票管理|开票申请单|合并,已通过,,"登录有相应权限的用户，进入开票申请单页面，打开发票合并 - 合并预览弹框","【1】1. 查看明细默认状态","【1】1. 显示正确的默认收起或展开状态","【1】",无,P3,
"【销项发票管理】开票申请单，发票合并 - 合并预览弹框 - 查看明细 - 展开",销项发票管理|开票申请单|合并,已通过,,"登录有相应权限的用户，进入开票申请单页面，打开发票合并弹框 - 合并预览弹框","【1】1. 查看明细为收起的状态时【2】2. 点击展开icon","【1】1. 显示展开icon【2】1. 展开明细条目内容","【1】【2】",无,P3,
"【销项发票管理】开票申请单，发票合并 - 合并预览弹框 - 查看明细 - 收起",销项发票管理|开票申请单|合并,已通过,,"登录有相应权限的用户，进入开票申请单页面，打开发票合并弹框 - 合并预览弹框","【1】1. 查看明细为展开的状态时【2】2. 点击收起icon","【1】1. 显示收起icon【2】1. 明细被收起","【1】【2】",无,P3,
"【销项发票管理】开票申请单，发票合并 - 合并预览弹框 - 查看明细 - 弹框高度和滑块",销项发票管理|开票申请单|合并,已通过,,"登录有相应权限的用户，进入开票申请单页面，打开发票合并 - 合并预览弹框","【1】1. 查看明细的弹框高度和滑块","【1】1. 固定高度，通过滑块管理","【1】",无,P3,
"【销项发票管理】开票申请单，发票合并 - 合并预览弹框 - 查看明细 - 取消/X",销项发票管理|开票申请单|合并,已通过,,"登录有相应权限的用户，进入开票申请单页面，打开发票合并 - 合并预览弹框","【1】1. 点击取消/X","【1】1. 弹框关闭","【1】",无,P3,
"【销项发票管理】开票申请单，发票合并 - 合并预览弹框 - 查看明细 - 确认 - 申请单状态为未处理",销项发票管理|开票申请单|合并,已通过,,"登录有相应权限的用户，进入开票申请单页面，打开发票合并 - 合并预览弹框","【1】1. 点击确认","【1】1. 校验当前主表申请单状态，为未处理时合并成功2. 在开票申请单页面，申请单状态变为已合并","【1】",无,P3,
"【销项发票管理】开票申请单，发票合并 - 合并预览弹框 - 查看明细 - 确认 - 申请单状态不为未处理",销项发票管理|开票申请单|合并,已通过,,"登录有相应权限的用户，进入开票申请单页面，打开发票合并 - 合并预览弹框","【1】1. 点击确认","【1】1. 校验当前主表申请单状态，不为未处理时给出友好提示","【1】",无,P3,
"【销项发票管理】开票申请单，发票合并 - 场景1 - 按税率合并",销项发票管理|开票申请单|合并,待评审,,"登录有相应权限的用户，进入开票申请单页面","【1】1. 选择购方名称相同，税率不相同的申请单状态为未处理的数据，点击添加合并清单【2】2. 点击待合并清单图标，打开待合并清单弹框，勾选步骤一中的数据，点击合并【3】3. 在开票合并弹框，选择按税率合并，点击预览【4】4. 点击确认","【1】1. 添加到合并清单成功【2】1. 效验购方名称同一，申请单状态为未处理，明细有购方时，打开发票合并弹框2. 发票合并的合计金额和税额显示正确，明细中的数据与开票申请页勾选的数据明细一致【3】1. 打开合并预览，业务流水和购买方姓名，合计金额和合计税额显示正确2. 数据按不同的税率合并，其他信息显示同一税率第一件商品的信息3. 选择合并数量为1时，合并后的商品数量为14. 不选择合并数量为1时，合并后的商品数量为实际的商品数量【4】1. 效验当前主表的申请单状态为未处理后，合并成功2. 在原数据的上级显示合并后的数据，直接展示，申请单状态为已合并，推送状态为待提交，商品编码为已匹配，操作为  明细  删除  还原3. 原数据的申请单状态变为被合并，数据折叠，推送状态为空，商品编码为已匹配，操作为明细","【1】【2】【3】【4】",无,P1,
"【销项发票管理】开票申请单，发票合并 - 场景2 - 按多个规则合并",销项发票管理|开票申请单|合并,待评审,,"登录有相应权限的用户，进入开票申请单页面","【1】1. 选择购方名称相同且申请单状态为未处理的数据，点击添加合并清单【2】2. 点击待合并清单图标，打开待合并清单弹框，勾选步骤一中的数据，点击合并【3】3. 在开票合并弹框，选择多个合并规则（包括税率），点击预览【4】4. 点击确认","【1】1. 添加到合并清单成功【2】1. 效验购方名称同一，申请单状态为未处理，明细有购方时，打开发票合并弹框2. 发票合并的合计金额和税额显示正确，明细中的数据与开票申请页勾选的数据明细一致【3】1. 打开合并预览，业务流水和购买方姓名，合计金额和合计税额显示正确2. 数据按不同的税率和勾选的规则合并，其他信息显示同一条件下第一件商品的信息3. 选择合并数量为1时，合并后的商品数量为14. 不选择合并数量为1时，合并后的商品数量为实际的商品数量【4】1. 效验当前主表的申请单状态为未处理后，合并成功2. 在原数据的上级显示合并后的数据，直接展示，申请单状态为已合并，推送状态为待提交，商品编码为已匹配，操作为  明细  删除  还原3. 原数据的申请单状态变为被合并，数据折叠，推送状态为空，商品编码为已匹配，操作为明细","【1】【2】【3】【4】",无,P1,
"【销项发票管理】开票申请单，发票合并 - 场景3 - 仅做明细行合并",销项发票管理|开票申请单|合并,待评审,,"登录有相应权限的用户，进入开票申请单页面","【1】1. 选择购方名称相同且申请单状态为未处理的数据，点击添加合并清单【2】2. 点击待合并清单图标，打开待合并清单弹框，勾选步骤一中的数据，点击合并【3】3. 在开票合并弹框，选择仅做明细行合并【4】4. 点击确认","【1】1. 添加到合并清单成功【2】1. 效验购方名称同一，申请单状态为未处理，明细有购方时，打开发票合并弹框2. 发票合并的合计金额和税额显示正确，明细中的数据与开票申请页勾选的数据明细一致【3】1. 打开合并预览，业务流水和购买方姓名，合计金额和合计税额显示正确2. 仅对发票明细进行追加，不进行明细合并【4】1. 效验当前主表的申请单状态为未处理后，合并成功2. 在原数据的上级显示合并后的数据，直接展示，申请单状态为已合并，推送状态为待提交，商品编码为已匹配，操作为  明细  删除  还原3. 原数据的申请单状态变为被合并，数据折叠，推送状态为空，商品编码为已匹配，操作为明细","【1】【2】【3】【4】",无,P1,
"【销项发票管理】开票申请单，打开选择发票拆分方式弹框",销项发票管理|开票申请单|拆分,已通过,,"登录有相应权限的用户，进入开票申请单页面","【1】1. 点击明细操作","【1】打开选择发票拆分方式弹框","【1】",无,P3,
"【销项发票管理】开票申请单，选择发票拆分方式弹框 - 默认值",销项发票管理|开票申请单|拆分,已通过,,"登录有相应权限的用户，进入开票申请单页面，打开选择发票拆分方式弹框","【1】1. 默认值效验","【1】默认值显示正确","【1】",无,P3,
"【销项发票管理】开票申请单，选择发票拆分方式弹框 - 选择为空",销项发票管理|开票申请单|拆分,未通过,,"登录有相应权限的用户，进入开票申请单页面，打开选择发票拆分方式弹框","【1】1. 所有弹框中不选择值，点击拆分预览","【1】给出友好提示","【1】",无,P3,
"【销项发票管理】开票申请单，选择发票拆分方式 - 下拉框值的效验",销项发票管理|开票申请单|拆分,未通过,,"登录有相应权限的用户，进入开票申请单页面，打开选择发票拆分方式弹框","【1】1. 拆分方式下拉框值的效验","【1】限额拆分，份额等额拆分，明细拆分，税率拆分，数量","【1】",无,P3,
"【销项发票管理】开票申请单，选择发票拆分方式 - 取消/X",销项发票管理|开票申请单|拆分,已通过,,"登录有相应权限的用户，进入开票申请单页面，打开选择发票拆分方式弹框","【1】1. 选择发票拆分方式弹框中点击取消/X","【1】弹框关闭，拆分取消","【1】",无,P3,
"【销项发票管理】开票申请单，选择发票拆分方式 - 拆分限额数据类型效验",销项发票管理|开票申请单|拆分,已通过,,"登录有相应权限的用户，进入开票申请单页面，打开选择发票拆分方式弹框，选择限额拆分","【1】1. 在拆分限额输入框中汉字【2】2. 在拆分限额输入框中符号【3】3. 在拆分限额输入框中字母【4】3. 在拆分限额输入框中数据","【1】给出友好提示【2】给出友好提示【3】给出友好提示【4】可成功输入","【1】【2】【3】【4】",无,P3,
"【销项发票管理】开票申请单，选择发票拆分方式 - 限额拆分- 拆分限额最大长度效验",销项发票管理|开票申请单|拆分,未通过,,"登录有相应权限的用户，进入开票申请单页面，打开选择发票拆分方式弹框，选择限额拆分","【1】1. 在拆分限额输入框中超过最大长度的数据","【1】给出友好提示","【1】",无,P3,
"【销项发票管理】开票申请单，选择发票拆分方式 - 限额拆分- 拆分限额增加减少值",销项发票管理|开票申请单|拆分,已通过,,"登录有相应权限的用户，进入开票申请单页面，打开选择发票拆分方式弹框，选择限额拆分","【1】1. 在拆分限额输入框中输入字后，点击增加icon【2】2. 在拆分限额输入框中输入字后，点击减少icon","【1】限额金额增加【2】限额金额减少","【1】【2】",无,P3,
"【销项发票管理】开票申请单，选择发票拆分方式 - 限额拆分 - 发票明细行小于拆分限额",销项发票管理|开票申请单|拆分,已通过,,"登录有相应权限的用户，进入开票申请单页面，打开选择发票拆分方式弹框，选择限额拆分","【1】1. 明细行金额小于拆分的金额，点击拆分预览","【1】找下一行明细直到含税金额满足拆分金额进行拆分，若名称等信息不一致取第一条的数据（eg. 明细：产品A 8000，商品B 1000，按拆分限额5000拆分：产品A 5000，产品A 4000）","【1】",无,P2,
"【销项发票管理】开票申请单，选择发票拆分方式 - 限额拆分 - 发票明细行大于拆分限额",销项发票管理|开票申请单|拆分,已通过,,"登录有相应权限的用户，进入开票申请单页面，打开选择发票拆分方式弹框，选择限额拆分","【1】1. 明细行金额大于拆分的金额，点击拆分预览","【1】拆分后，每条的含税金额为拆分限额，最后一条的含税金额为总金额-(N-1)*拆分限额（eg. 明细：产品A 3000，商品B 200，按拆分限额2000拆分：产品A 2000，产品A 1200）","【1】",无,P2,
"【销项发票管理】开票申请单，选择发票拆分方式 - 限额拆分 - 数量保持原值",销项发票管理|开票申请单|拆分,已通过,,"登录有相应权限的用户，进入开票申请单页面，打开选择发票拆分方式弹框，选择限额拆分","【1】1. 选择数量保持原值，点击拆分预览","【1】拆分后，每条的数量为商品实际的数量，保持开票申请单明细中数量","【1】",无,P3,
"【销项发票管理】开票申请单，选择发票拆分方式 - 限额拆分 - 数量始终为1",销项发票管理|开票申请单|拆分,已通过,,"登录有相应权限的用户，进入开票申请单页面，打开选择发票拆分方式弹框，选择限额拆分","【1】1. 选择数量始终为1，点击拆分预览","【1】拆分后，每条的数量为1","【1】",无,P3,
"【销项发票管理】开票申请单，选择发票拆分方式 - 按数量拆分 - 数量为1",销项发票管理|开票申请单|拆分,已通过,,"登录有相应权限的用户，进入开票申请单页面，打开选择发票拆分方式弹框，选择数量拆分","【1】1. 数量为1时，选择数量拆除，点击拆分预览","【1】拆分后的数量为1，条数为1，信息不变","【1】",无,P2,
"【销项发票管理】开票申请单，选择发票拆分方式 - 按数量拆分 - 数量不为1",销项发票管理|开票申请单|拆分,已通过,,"登录有相应权限的用户，进入开票申请单页面，打开选择发票拆分方式弹框，选择数量拆分","【1】1. 数量为n，选择数量拆除，点击拆分预览","【1】按数量n拆出n等份，拆分后的数量为1，条数为n，税额和金额除以n，其他信息不变","【1】",无,P2,
"【销项发票管理】开票申请单，选择发票拆分方式 - 打开拆分预览弹框",销项发票管理|开票申请单|拆分,已通过,,"登录有相应权限的用户，进入开票申请单页面，打开选择发票拆分方式弹框","【1】1. 选择拆分条件后点击拆分预览按钮","【1】1. 打开拆分预览弹框，显示正确的拆分数据","【1】",无,P3,
"【销项发票管理】开票申请单，选择发票拆分方式 - 拆分预览 - 合并表头信息的正确显示",销项发票管理|开票申请单|拆分,已通过,,"登录有相应权限的用户，进入开票申请单页面，打开拆分预览弹框","【1】1. 业务流水号的显示【2】2. 合计金额和税额的显示","【1】显示点击预览后系统自动生成TMS业务流水号【2】显示正确的订单合计金额和税额","【1】【2】",无,P3,
"【销项发票管理】开票申请单，选择发票拆分方式 - 拆分预览 - 查看明细 - 默认状态",销项发票管理|开票申请单|拆分,已通过,,"登录有相应权限的用户，进入开票申请单页面，打开拆分预览弹框","【1】1. 查看明细默认状态","【1】1. 显示正确的默认收起或展开状态","【1】",无,P3,
"【销项发票管理】开票申请单，选择发票拆分方式 - 拆分预览 - 查看明细 - 展开",销项发票管理|开票申请单|拆分,已通过,,"登录有相应权限的用户，进入开票申请单页面，打开拆分预览弹框","【1】1. 查看明细为收起的状态时【2】2. 点击展开icon","【1】1. 显示展开icon【2】1. 展开明细条目内容","【1】【2】",无,P3,
"【销项发票管理】开票申请单，选择发票拆分方式 - 拆分预览 - 查看明细 - 收起",销项发票管理|开票申请单|拆分,已通过,,"登录有相应权限的用户，进入开票申请单页面，打开拆分预览弹框","【1】1. 查看明细为展开的状态时【2】2. 点击收起icon","【1】1. 显示收起icon【2】1. 明细被收起","【1】【2】",无,P3,
"【销项发票管理】开票申请单，选择发票拆分方式 - 拆分预览 - 查看明细 - 弹框高度和滑块",销项发票管理|开票申请单|拆分,已通过,,"登录有相应权限的用户，进入开票申请单页面，打开拆分预览弹框","【1】1. 查看明细的弹框高度和滑块","【1】1. 固定高度，通过滑块管理","【1】",无,P3,
"【销项发票管理】开票申请单，选择发票拆分方式 - 拆分预览 - 查看明细 - 取消/X",销项发票管理|开票申请单|拆分,未通过,,"登录有相应权限的用户，进入开票申请单页面，打开拆分预览弹框","【1】1. 点击取消/X","【1】1. 弹框关闭","【1】",无,P3,
"【销项发票管理】开票申请单，选择发票拆分方式 - 拆分预览 - 查看明细 - 确认 - 申请单状态为未处理",销项发票管理|开票申请单|拆分,未通过,,"登录有相应权限的用户，进入开票申请单页面，打开拆分预览弹框","【1】1. 点击确认","【1】1. 校验当前主表申请单状态为未处理时，拆分成功2. 在开票申请单页面，形成新的数据，拆分的原数据状态为被拆分，拆分后形成的新数据的状态为拆分形成; 1. 效验当前主表的申请单状态为未处理后，拆分成功2. 在原数据的下级显示拆分后后的数据，数据折叠，申请单状态为拆分形成，推送状态为空，商品编码为已匹配，操作为明细3. 原数据的申请单状态变为被拆分，数据展开显示，推送状态为待提交，商品编码为已","【1】",无,P1,
"【销项发票管理】开票申请单，选择发票拆分方式 - 拆分预览 - 查看明细 - 确认 - 申请单状态不为未处理",销项发票管理|开票申请单|拆分,未通过,,"登录有相应权限的用户，进入开票申请单页面，打开拆分预览弹框","【1】1. 点击确认","【1】1. 校验当前主表申请单状态，不为未处理时给出友好提示","【1】",无,P3,
"【销项发票管理】待开具发票管理，搜索 -  搜索框的默认值和文本",销项发票管理|待开具发票管理,未通过,,"登录有相应权限的用户，进入待开具发票管理页面","【1】1. 搜索框的默认值【2】2. 搜索框的文本","【1】所有搜索框的值默认为空【2】1. ’销方名称‘下拉框2.‘购方税号’输入框3. '发生日期'日期选择器","【1】【2】",无,P3,
"【销项发票管理】待开具发票管理，搜索 -  销方名称下拉框的数据来源",销项发票管理|待开具发票管理,未通过,,"登录有相应权限的用户，进入待开具发票管理页面","【1】1. 销方名称下拉框的数据来源","【1】1. 显示数据群组勾选且公司主体未注销的所有数据","【1】",无,P3,
"【销项发票管理】待开具发票管理，搜索 -  单个搜索框的正向搜索",销项发票管理|待开具发票管理,已通过,,"登录有相应权限的用户，进入待开具发票管理页面","【1】1.  ’销方名称‘下拉框，选择列表中存在的数据，其他搜索框为空，点击搜索【2】2. ‘购方税号’输入框，选择列表中存在的数据，其他搜索框为空，点击搜索【3】3. '发生日期'日期选择器，选择列表中存在的数据，其他搜索框为空，点击搜索","【1】页面过滤显示所有满足条件的数据【2】页面过滤显示所有满足条件的数据【3】页面过滤显示所有满足条件的数据","【1】【2】【3】",无,P2,
"【销项发票管理】待开具发票管理，搜索 -  单个搜索框的反向搜索",销项发票管理|待开具发票管理,已通过,,"登录有相应权限的用户，进入待开具发票管理页面","【1】1. ’销方名称‘下拉框，选择列表中不存在的数据，其他搜索框为空，点击搜索【2】2. ‘购方税号’输入框，选择列表中不存在的数据，其他搜索框为空，点击搜索【3】3. '发生日期'日期选择器，选择列表中不存在的数据，其他搜索框为空，点击搜索","【1】页面显示“暂无数据”【2】页面显示“暂无数据”【3】页面显示“暂无数据”","【1】【2】【3】",无,P3,
"【销项发票管理】待开具发票管理，搜索 -  多个搜索框组合的正向搜索",销项发票管理|待开具发票管理,已通过,,"登录有相应权限的用户，进入待开具发票管理页面","【1】1. 在两个及以上的输入框，输入列表中存在的数据，点击搜索","【1】页面过滤显示所有满足条件的数据","【1】",无,P3,
"【【销项发票管理】待开具发票管理，搜索 -  多个搜索框组合的反向搜索",销项发票管理|待开具发票管理,已通过,,"登录有相应权限的用户，进入待开具发票管理页面","【1】1. 在两个及以上的搜索框，输入列表中不存在的数据，点击搜索","【1】页面显示“暂无数据”","【1】",无,P3,
"【销项发票管理】待开具发票管理，搜索 -  搜索内容为空",销项发票管理|待开具发票管理,已通过,,"登录有相应权限的用户，进入待开具发票管理页面","【1】1. 搜索框内容为空，点击搜索","【1】页面显示所有的数据","【1】",无,P3,
"【销项发票管理】待开具发票管理，搜索 -  重置",销项发票管理|待开具发票管理,已通过,,"登录有相应权限的用户，进入待开具发票管理页面","【1】1. 搜索框中数据为空，点击重置【2】2. 搜索框中输入数据，点击重置【3】3. 搜索框中输入数据，点击搜索后，点击重置","【1】搜索框中的内容清空【2】搜索框中的内容清空【3】搜索框中的内容清空","【1】【2】【3】",无,P3,
"【销项发票管理】待开具发票管理，搜索 -  收起",销项发票管理|待开具发票管理,已通过,,"登录有相应权限的用户，进入待开具发票管理页面","【1】1. 在搜索区域展开时，点击收起","【1】搜索区域被收起","【1】",无,P3,
"【销项发票管理】待开具发票管理，搜索 -  展开",销项发票管理|待开具发票管理,已通过,,"登录有相应权限的用户，进入待开具发票管理页面","【1】1. 在搜索区域收起时，点击展开","【1】搜索区域被展开，若搜索框中有数据正确显示","【1】",无,P3,
"【销项发票管理】待开具发票管理，批量开具 - 未勾选数据",销项发票管理|待开具发票管理,已通过,,"登录有相应权限的用户，进入待开具发票管理页面","【1】1. 未勾选列表的数据","【1】批量开具按钮置灰","【1】",无,P3,
"【销项发票管理】待开具发票管理，批量开具 - 勾选已提交的数据",销项发票管理|待开具发票管理,已通过,,"登录有相应权限的用户，进入待开具发票管理页面","【1】1. 勾选已提交的数据，点击批量开具按钮","【1】给出友好提示","【1】",无,P3,
"【销项发票管理】待开具发票管理，批量开具 - 勾选未提交的数据跳转至开票类型弹框",销项发票管理|待开具发票管理,已通过,,"登录有相应权限的用户，进入待开具发票管理页面","【1】1.勾选未提交的数据，点击批量开具按钮","【1】1. 打开开票类型弹框，开票类型默认值显示正确","【1】",无,P3,
"【销项发票管理】待开具发票管理，批量开具 - 开票类型弹框 - 数据为空",销项发票管理|待开具发票管理,已通过,,"登录有相应权限的用户，进入待开具发票管理页面，点击批量开票，打开开票类型弹框","【1】1. 开票类型弹框的数据为空，点击确认","【1】1. 给出友好提示","【1】",无,P3,
"【销项发票管理】待开具发票管理，批量开具 - 开票类型弹框 - 确认（正向流程）",销项发票管理|待开具发票管理,未通过,,"登录有相应权限的用户，进入待开具发票管理页面，点击批量开票，打开开票类型弹框","【1】选择全电普票，点击确认【2】选择全电专票，点击确认","【1】1. 批量提交待开具发票至通道开具接口2. 推送状态变为已提交，推送时间更新3. 仅显示明细操作4. 推送至销项发票管理页面，发票种类为全电普通发票，发票状态正确显示，其他信息显示正确【2】1. 批量提交待开具发票至通道开具接口2. 推送状态变为已提交，推送时间更新3. 仅显示明细操作4. 推送至销项发票管理页面，发票种类为全电专用发票，发票状态正确显示，其他信息显示正确","【1】【2】",无,P1,
"【销项发票管理】待开具发票管理，批量开具 - 开票类型弹框 - 取消/X",销项发票管理|待开具发票管理,已通过,,"登录有相应权限的用户，进入待开具发票管理页面，点击批量开票，打开开票类型弹框","【1】1. 选择数据，点击取消/X","【1】1. 弹框关闭，批量开票取消2. 再次打开开票类型弹框，显示默认数据","【1】",无,P3,
"【销项发票管理】待开具发票管理，明细 - 明细操作的可见情况",销项发票管理|待开具发票管理,已通过,,"登录有相应权限的用户，进入待开具发票管理页面","【1】1. 明细操作的可见情况","【1】1. 在任何状态下，明细的操作均可见","【1】",无,P3,
"【销项发票管理】待开具发票管理，打开发票明细弹框",销项发票管理|待开具发票管理,未通过,,"登录有相应权限的用户，进入待开具发票管理页面","【1】1. 点击明细弹框","【1】1. 打开发票明细弹框，数据显示为发票申请单中的正确数据","【1】",无,P3,
"【销项发票管理】待开具发票管理，明细弹框 - 表头信息的正确显示",销项发票管理|待开具发票管理,未通过,,"登录有相应权限的用户，进入待开具发票管理页面","【1】1. 合计金额和税额的显示","【1】显示正确的订单合计金额和税额","【1】",无,P3,
"【销项发票管理】待开具发票管理，明细弹框 -翻页",销项发票管理|待开具发票管理,已通过,,"登录有相应权限的用户，进入待开具发票管理页面","【1】1. 在发票明细弹框中，数据超过一页时","【1】1. 点击页数跳转成功2. 输入页码跳转成功3. 点击页码跳转成功4. 点击<>跳转成功5. 切换每页显示条数成功6. 输入不合法的页码被自动清除","【1】",无,P3,
"【销项发票管理】待开具发票管理，开具 - 开具操作的可见情况",销项发票管理|待开具发票管理,已通过,,"登录有相应权限的用户，进入待开具发票管理页面","【1】1. 当推送状态为已提交时","【1】开具操作不可见","【1】",无,P3,
"【销项发票管理】待开具发票管理，开具 -点击跳转至开票类型弹框",销项发票管理|待开具发票管理,已通过,,"登录有相应权限的用户，进入待开具发票管理页面","【1】1.点击开具按钮","【1】1. 打开开票类型弹框，开票类型默认值显示正确","【1】",无,P3,
"【销项发票管理】待开具发票管理，开具 - 开票类型弹框 - 数据为空",销项发票管理|待开具发票管理,已通过,,"登录有相应权限的用户，进入待开具发票管理页面，点击开票，打开开票类型弹框","【1】1. 开票类型弹框的数据为空，点击确认","【1】1. 给出友好提示","【1】",无,P3,
"【销项发票管理】待开具发票管理，开具 - 开票类型弹框 - 确认（正向流程）",销项发票管理|待开具发票管理,未通过,,"登录有相应权限的用户，进入待开具发票管理页面，点击开票，打开开票类型弹框","【1】选择全电普票，点击确认【2】选择全电专票，点击确认","【1】1. 提交待开具发票至通道开具接口2. 推送状态变为已提交，推送时间更新3. 仅显示明细操作4. 推送至销项发票管理页面，发票种类为全电普通发票，发票状态正确显示，其他信息显示正确【2】1. 提交待开具发票至通道开具接口2. 推送状态变为已提交，推送时间更新3. 仅显示明细操作4. 推送至销项发票管理页面，发票种类为全电专用发票，发票状态正确显示，其他信息显示正确","【1】【2】",无,P1,
"【销项发票管理】待开具发票管理，开具 - 开票类型弹框 - 取消/X",销项发票管理|待开具发票管理,未通过,,"登录有相应权限的用户，进入待开具发票管理页面，点击开票，打开开票类型弹框","【1】1. 选择数据，点击取消/X","【1】1. 弹框关闭，开票取消2. 再次打开开票类型弹框，显示默认数据","【1】",无,P3,
"【销项发票管理】待开具发票管理，退回 - 退回操作的可见情况",销项发票管理|待开具发票管理,已通过,,"登录有相应权限的用户，进入待开具发票管理页面","【1】1. 数据的状态为已推送时【2】2. 数据的状态为未提交/已退回时","【1】1. 退回操作不可见【2】1. 退回操作可见","【1】【2】",无,P3,
"【销项发票管理】待开具发票管理，退回 - 退回操作的可见情况",销项发票管理|待开具发票管理,已通过,,"登录有相应权限的用户，进入待开具发票管理页面","【1】1. 数据的状态为未提交/已退回时","【1】1. 退回操作可见","【1】",无,P3,
"【销项发票管理】待开具发票管理，退回 - 二次确认",销项发票管理|待开具发票管理,已通过,,"登录有相应权限的用户，进入待开具发票管理页面","【1】1. 点击退回【2】2. 点击取消/X","【1】1. 弹出二次确认弹框【2】1. 弹框关闭，退回取消","【1】【2】",无,P3,
"【销项发票管理】待开具发票管理，退回 - 确认",销项发票管理|待开具发票管理,已通过,,"登录有相应权限的用户，进入待开具发票管理页面","【1】1. 点击退回【2】2. 点击确定","【1】1. 弹出二次确认弹框【2】1. 当前页面该数据被删除2. 待开具发票页面对应的数据状态更新为“已退回”3. 开票申请单页面的申请单状态为未处理","【1】【2】",无,P3,
"【销项发票管理】待开具发票管理，翻页",销项发票管理|待开具发票管理,已通过,,"登录有相应权限的用户，进入待开具发票管理页面","【1】1. 数据超过一页时","【1】1. 点击页数跳转成功2. 输入页码跳转成功3. 点击页码跳转成功4. 点击<>跳转成功5. 切换每页显示条数成功6. 输入不合法的页码被自动清除","【1】",无,P3,
"【销项发票管理】销项发票管理，搜索 -  搜索框的默认值和文本",销项发票管理|销项发票管理,已通过,,"登录有相应权限的用户，进入销项发票管理页面","【1】1. 搜索框的默认值【2】2. 搜索框的文本","【1】所有搜索框的默认值显示正确【2】1. ’销方名称‘下拉框2.‘购方税号’输入框3. '开具日期'日期选择器4. 发票状态下拉框5. 发票种类输入框6. 发票号码输入框7. 发票类型下拉框","【1】【2】",无,P3,
"【销项发票管理】销项发票管理，搜索 -  销方名称下拉框的数据来源",销项发票管理|销项发票管理,未通过,,"登录有相应权限的用户，进入销项发票管理页面","【1】1. 销方名称下拉框的数据来源","【1】1. 显示数据群组勾选且公司主体未注销的所有数据","【1】",无,P3,
"【销项发票管理】销项发票管理，搜索 -  单个搜索框的正向搜索",销项发票管理|销项发票管理,未通过,,"登录有相应权限的用户，进入销项发票管理页面","【1】1.  单个搜索框，选择列表中存在的数据，其他搜索框为空，点击搜索","【1】页面过滤显示所有满足条件的数据","【1】",无,P2,
"【销项发票管理】销项发票管理，搜索 -  单个搜索框的反向搜索",销项发票管理|销项发票管理,已通过,,"登录有相应权限的用户，进入销项发票管理页面","【1】1.单个搜索框，选择列表中不存在的数据，其他搜索框为空，点击搜索","【1】页面显示“暂无数据”","【1】",无,P3,
"【销项发票管理】销项发票管理，搜索 -  多个搜索框组合的正向搜索",销项发票管理|销项发票管理,已通过,,"登录有相应权限的用户，进入销项发票管理页面","【1】1. 在两个及以上的输入框，输入列表中存在的数据，点击搜索","【1】页面过滤显示所有满足条件的数据","【1】",无,P3,
"【【销项发票管理】销项发票管理，搜索 -  多个搜索框组合的反向搜索",销项发票管理|销项发票管理,已通过,,"登录有相应权限的用户，进入销项发票管理页面","【1】1. 在两个及以上的搜索框，输入列表中不存在的数据，点击搜索","【1】页面显示“暂无数据”","【1】",无,P3,
"【销项发票管理】销项发票管理，搜索 -  搜索内容为空",销项发票管理|销项发票管理,已通过,,"登录有相应权限的用户，进入销项发票管理页面","【1】1. 搜索框内容为空，点击搜索","【1】页面显示所有的数据","【1】",无,P3,
"【销项发票管理】销项发票管理，搜索 -  重置",销项发票管理|销项发票管理,已通过,,"登录有相应权限的用户，进入销项发票管理页面","【1】1. 搜索框中数据为空，点击重置【2】2. 搜索框中输入数据，点击重置【3】3. 搜索框中输入数据，点击搜索后，点击重置","【1】搜索框中的内容清空【2】搜索框中的内容清空【3】搜索框中的内容清空","【1】【2】【3】",无,P3,
"【销项发票管理】销项发票管理，搜索 -  收起",销项发票管理|销项发票管理,已通过,,"登录有相应权限的用户，进入销项发票管理页面","【1】1. 在搜索区域展开时，点击收起","【1】搜索区域被收起","【1】",无,P3,
"【销项发票管理】销项发票管理，搜索 -  展开",销项发票管理|销项发票管理,已通过,,"登录有相应权限的用户，进入销项发票管理页面","【1】1. 在搜索区域收起时，点击展开","【1】搜索区域被展开，若搜索框中有数据正确显示","【1】",无,P3,
"【销项发票管理】销项发票管理，搜索 -  下拉框的数据",销项发票管理|销项发票管理,未通过,,"登录有相应权限的用户，进入销项发票管理页面","【1】1. 发票状态下拉框的数据【2】2. 发票类型下拉框的数据","【1】1. 开具成功，开具失败，开具状态未知【2】1. 蓝字发票，红字发票","【1】【2】",无,P3,
"【销项发票管理】销项发票管理，搜索 -  开具数日期的验证",销项发票管理|销项发票管理,已通过,,"登录有相应权限的用户，进入销项发票管理页面","【1】1. 当结束日期小于开始日期时","【1】日期置灰","【1】",无,P3,
"【销项发票管理】销项发票管理，批量查询发票状态",销项发票管理|销项发票管理,未通过,,"登录有相应权限的用户，进入销项发票管理页面","【1】1. 点击批量查询发票状态","【1】1. 自动对所有开具状态不为“开具成功” “开具失败”的发票，统一调用查看发票开具状态的接口，获取发票开具状态并刷新页面","【1】",无,P3,
"【销项发票管理】销项发票管理，导入 - 文件大小",销项发票管理|销项发票管理,阻塞,,"登录有相应权限的用户，进入销项发票管理页面","【1】1. 上传超过超过大小的文件","【1】1. 给出友好提示","【1】",无,P3,
"【销项发票管理】销项发票管理，导入 - 不允许导入多个文件",销项发票管理|销项发票管理,阻塞,,"登录有相应权限的用户，进入销项发票管理页面","【1】1. 上传多个文件时","【1】1. 只允许上传单个文件","【1】",无,P3,
"【销项发票管理】销项发票管理，导入 - 文件类型",销项发票管理|销项发票管理,阻塞,,"登录有相应权限的用户，进入销项发票管理页面","【1】1. 上传不符合条件的文件类型","【1】1. 给出友好提示","【1】",无,P3,
"【销项发票管理】销项发票管理，导入 - 取消/X",销项发票管理|销项发票管理,阻塞,,"登录有相应权限的用户，进入销项发票管理页面","【1】1. 点击取消/X","【1】1. 弹出关闭，上传取消2. 再次打开弹框，弹框显示默认的值","【1】",无,P3,
"【销项发票管理】销项发票管理，导入 - 确定",销项发票管理|销项发票管理,阻塞,,"登录有相应权限的用户，进入销项发票管理页面","【1】1. 上传导入非本系统开具的发票，导入成功【2】2. 上传导入非本系统开具的发票，导入失败","【1】1. 给出导入成功的友好提示2. 导入的数据发票状态默认未“开具成功”，导入的数据显示正确【2】1. 给出导入失败的友好提示","【1】【2】",无,P2,
"【销项发票管理】销项发票管理，导出 - 不勾选数据",销项发票管理|销项发票管理,阻塞,,"登录有相应权限的用户，进入销项发票管理页面","【1】1. 不勾选数据","【1】1. 导出按钮置灰","【1】",无,P3,
"【销项发票管理】销项发票管理，导出 - 不勾选数据",销项发票管理|销项发票管理,阻塞,,"登录有相应权限的用户，进入销项发票管理页面","【1】1. 不勾选数据","【1】1. 导出按钮置灰","【1】",无,P3,
"【销项发票管理】销项发票管理，导出 - 勾选数据后导出",销项发票管理|销项发票管理,阻塞,,"登录有相应权限的用户，进入销项发票管理页面","【1】1. 勾选不同发票状态的数据，点击导出","【1】1. 导出的文件名称显示正确2. 导出发票明细表，分为主表及明细表，导出的数据内容和行数正确","【1】",无,P3,
"【销项发票管理】销项发票管理，删除 - 不勾选数据",销项发票管理|销项发票管理,阻塞,,"登录有相应权限的用户，进入销项发票管理页面","【1】1. 不勾选数据","【1】1. 删除按钮置灰","【1】",无,P3,
"【销项发票管理】销项发票管理，删除 - 勾选非本系统开具、开具失败的发票",销项发票管理|销项发票管理,阻塞,,"登录有相应权限的用户，进入销项发票管理页面","【1】1. 勾选非本系统开具、开具失败的发票，点击删除按钮","【1】1. 弹出二次确认弹框2. 在二次确认弹框中，点击确定，删除成功，3. 在二次确认弹框中，点击取消/X, 弹框关闭，删除取消","【1】",无,P3,
"【销项发票管理】销项发票管理，删除 - 勾选本系统开具成功/状态未知的发票",销项发票管理|销项发票管理,阻塞,,"登录有相应权限的用户，进入销项发票管理页面","【1】1. 勾选本系统开具状态成功/状态未知的发票","【1】1. 给出友好提示","【1】",无,P3,
"【销项发票管理】销项发票管理，发票明细 - 可见状态",销项发票管理|销项发票管理,已通过,,"登录有相应权限的用户，进入销项发票管理页面","【1】1. 发票明细可见状态","【1】1. 所有状态下可见","【1】",无,P3,
"【销项发票管理】待开具发票管理，打开发票明细弹框",销项发票管理|销项发票管理,已通过,,"登录有相应权限的用户，进入销项发票管理页面","【1】1. 点击明细弹框","【1】1. 打开发票明细弹框，数据显示为发票申请单中的正确数据","【1】",无,P3,
"【销项发票管理】待开具发票管理，明细弹框 - 表头信息的正确显示",销项发票管理|销项发票管理,已通过,,"登录有相应权限的用户，进入销项发票管理页面","【1】1. 合计金额和税额的显示","【1】显示正确的订单合计金额和税额","【1】",无,P3,
"【销项发票管理】待开具发票管理，明细弹框 -翻页",销项发票管理|销项发票管理,待评审,,"登录有相应权限的用户，进入销项发票管理页面","【1】1. 在发票明细弹框中，数据超过一页时","【1】1. 点击页数跳转成功2. 输入页码跳转成功3. 点击页码跳转成功4. 点击<>跳转成功5. 切换每页显示条数成功6. 输入不合法的页码被自动清除","【1】",无,P3,
"【销项发票管理】销项发票管理，红冲 - 可见状态",销项发票管理|销项发票管理,待评审,,"登录有相应权限的用户，进入销项发票管理页面","【1】1. 发票状态为开具失败/开具状态未知时【2】2 发票状态为开具成功时","【1】1. 冲红操作不可见【2】1. 冲红操作可见","【1】【2】",无,P3,
"【销项发票管理】销项发票管理，红冲 - 点击冲红操作",销项发票管理|销项发票管理,待评审,,"登录有相应权限的用户，进入销项发票管理页面","【1】1. 点击冲红操作","【1】1. 在红字发票确认单页面插入一条对应申请信息，并调用红字确认单申请接口2. 冲红接口调用成功，在开票申请单页面，状态变为：未处理3. 备注中显示对应的蓝字信息信息","【1】",无,P3,
"【销项发票管理】销项发票管理，交付 - 可见状态",销项发票管理|销项发票管理,阻塞,,"登录有相应权限的用户，进入销项发票管理页面","【1】1. 发票状态为开具失败/开具状态未知时【2】2 发票状态为开具成功时","【1】1. 交付操作不可见【2】1. 交付操作可见","【1】【2】",无,P3,
"【销项发票管理】销项发票管理，交付 - 点击交付操作",销项发票管理|销项发票管理,阻塞,,"登录有相应权限的用户，进入销项发票管理页面","【1】1. 点击交付操作","【1】1.电子发票判断是否有交付信息，如没有则弹窗要求录入交付信息，调用接口推送至客户手机、邮箱2. 实现发邮件，发邮件告知客户发票信息及pdf3. 交付频率可以配置，60S发一次","【1】",无,P3,
"【销项发票管理】销项发票管理，预览发票 - 可见状态",销项发票管理|销项发票管理,阻塞,,"登录有相应权限的用户，进入销项发票管理页面","【1】1. 发票状态为开具失败/开具状态未知时【2】2 发票状态为开具成功时","【1】1. 预览发票操作不可见【2】1. 预览发票操作可见","【1】【2】",无,P3,
"【销项发票管理】销项发票管理，预览发票 - 点击预览发票打开弹框",销项发票管理|销项发票管理,阻塞,,"登录有相应权限的用户，进入销项发票管理页面","【1】1. 点击预览发票操作","【1】1. 弹窗预览版式文件样式","【1】",无,P3,
"【销项发票管理】销项发票管理，退回 - 可见状态",销项发票管理|销项发票管理,待评审,,"登录有相应权限的用户，进入销项发票管理页面","【1】1. 发票状态为开具成功/开具状态未知时【2】2 发票状态为开具失败时","【1】1. 退回操作不可见【2】1. 退回操作可见","【1】【2】",无,P3,
"【销项发票管理】销项发票管理，退回 - 点击退回",销项发票管理|销项发票管理,未通过,,"登录有相应权限的用户，进入销项发票管理页面","【1】1. 点击退回操作","【1】1. 弹窗二次确认“发票将退回待开具发票管理，请确认是否继续。”2. 确认删除时，当前页面数据delete，待开具发票页面对应的数据状态更新为“已退回”","【1】",无,P3,
"【销项发票管理】销项发票管理，重新开具 - 可见状态",销项发票管理|销项发票管理,待评审,,"登录有相应权限的用户，进入销项发票管理页面","【1】1. 发票状态为开具成功/开具状态未知时【2】2 发票状态为开具失败时","【1】1. 重新开具不可见【2】1. 重新开具作可见","【1】【2】",无,P3,
"【销项发票管理】销项发票管理，翻页",销项发票管理|销项发票管理,已通过,,"登录有相应权限的用户，进入销项发票管理页面","【1】1. 数据超过一页时","【1】1. 点击页数跳转成功2. 输入页码跳转成功3. 点击页码跳转成功4. 点击<>跳转成功5. 切换每页显示条数成功6. 输入不合法的页码被自动清除","【1】",无,P3,
"【销项发票管理】红字发票确认单，搜索 -  搜索框的默认值和文本",销项发票管理|红字发票确认单,未通过,,"登录有相应权限的用户，进入红字发票确认单页面","【1】1. 搜索框的默认值【2】1. 搜索框的文本","【1】所有搜索框的值默认为空【2】1. ’红字确认单编号'输入框2.‘蓝字发票号码’输入框3. '销售方名称'输入框4. '确认单状态'下拉框","【1】【2】",无,P3,
"【销项发票管理】红字发票确认单，搜索 -  下拉框的数据效验",销项发票管理|红字发票确认单,未通过,,"登录有相应权限的用户，进入红字发票确认单页面","【1】1. 确认单下拉框的数据效验","【1】01-无需确认，02-销方录入待购方确认，03-购方录入待销方确认，04-购销双方确认，05-作废（销方录入购方否认），06-作废（购方录入销方否认），07-作废（超72小时未确认），00-状态未知","【1】",无,P3,
"【销项发票管理】红字发票确认单，搜索 -  单个搜索框的正向搜索",销项发票管理|红字发票确认单,未通过,,"登录有相应权限的用户，进入红字发票确认单页面","【1】1.  ’红字确认单编号'输入框，选择列表中存在的数据，其他搜索框为空，点击搜索【2】2. ‘蓝字发票号码’输入框，选择列表中存在的数据，其他搜索框为空，点击搜索【3】3. '销售方名称'输入框，选择列表中存在的数据，其他搜索框为空，点击搜索【4】4. '确认单状态'下拉框，选择列表中存在的数据，其他搜索框为空，点击搜索","【1】页面过滤显示所有满足条件的数据【2】页面过滤显示所有满足条件的数据【3】实体表存纳税人识别号进行关联查询，页面过滤显示所有满足条件的数据【4】页面过滤显示所有满足条件的数据","【1】【2】【3】【4】",无,P2,
"【销项发票管理】红字发票确认单，搜索 -  单个搜索框的反向搜索",销项发票管理|红字发票确认单,已通过,,"登录有相应权限的用户，进入红字发票确认单页面","【1】1. ’红字确认单编号'输入框，选择列表中不存在的数据，其他搜索框为空，点击搜索【2】2. ‘蓝字发票号码’输入框，选择列表中不存在的数据，其他搜索框为空，点击搜索【3】3. '销售方名称'输入框，选择列表中不存在的数据，其他搜索框为空，点击搜索【4】4. '确认单状态'下拉框，选择列表中不存在的数据，其他搜索框为空，点击搜索","【1】页面显示“暂无数据”【2】页面显示“暂无数据”【3】页面显示“暂无数据”【4】页面显示“暂无数据”","【1】【2】【3】【4】",无,P3,
"【销项发票管理】红字发票确认单，搜索 -  多个搜索框组合的正向搜索",销项发票管理|红字发票确认单,未通过,,"登录有相应权限的用户，进入红字发票确认单页面","【1】1. 在两个及以上的输入框，输入列表中存在的数据，点击搜索","【1】页面过滤显示所有满足条件的数据","【1】",无,P3,
"【【销项发票管理】红字发票确认单，搜索 -  多个搜索框组合的反向搜索",销项发票管理|红字发票确认单,已通过,,"登录有相应权限的用户，进入红字发票确认单页面","【1】1. 在两个及以上的搜索框，输入列表中不存在的数据，点击搜索","【1】页面显示“暂无数据”","【1】",无,P3,
"【销项发票管理】红字发票确认单，搜索 -  搜索内容为空",销项发票管理|红字发票确认单,已通过,,"登录有相应权限的用户，进入红字发票确认单页面","【1】1. 搜索框内容为空，点击搜索","【1】页面显示所有的数据","【1】",无,P3,
"【销项发票管理】红字发票确认单，搜索 -  重置",销项发票管理|红字发票确认单,已通过,,"登录有相应权限的用户，进入红字发票确认单页面","【1】1. 搜索框中数据为空，点击重置【2】2. 搜索框中输入数据，点击重置【3】3. 搜索框中输入数据，点击搜索后，点击重置","【1】搜索框中的内容清空【2】搜索框中的内容清空【3】搜索框中的内容清空","【1】【2】【3】",无,P3,
"【销项发票管理】红字发票确认单，搜索 -  收起",销项发票管理|红字发票确认单,已通过,,"登录有相应权限的用户，进入红字发票确认单页面","【1】1. 在搜索区域展开时，点击收起","【1】搜索区域被收起","【1】",无,P3,
"【销项发票管理】红字发票确认单，搜索 -  展开",销项发票管理|红字发票确认单,已通过,,"登录有相应权限的用户，进入红字发票确认单页面","【1】1. 在搜索区域收起时，点击展开","【1】搜索区域被展开，若搜索框中有数据正确显示","【1】",无,P3,
"【销项发票管理】红字发票确认单，打开获取红字确认单弹框",销项发票管理|红字发票确认单,阻塞,,"登录有相应权限的用户，进入红字发票确认单页面","【1】1. 点击获取红字确认单按钮","【1】打开获取红字确认单弹框，显示正确的默认值","【1】",无,P3,
"【销项发票管理】红字发票确认单，获取红字确认单弹框 - 取消/X",销项发票管理|红字发票确认单,阻塞,,"登录有相应权限的用户，进入红字发票确认单页面，打开获取红字确认单弹框","【1】1. 点击取消/X","【1】1. 弹框关闭，获取确认单取消2. 再次打开获取红字确认单弹框，显示默认的值","【1】",无,P3,
"【销项发票管理】红字发票确认单，获取红字确认单弹框 - 红字确认单编号最大长度效验",销项发票管理|红字发票确认单,阻塞,,"登录有相应权限的用户，进入红字发票确认单页面，打开获取红字确认单弹框","【1】1. 在红字确认单编号输入框中输入超过最大长度的数据","【1】1. 给出友好提示","【1】",无,P3,
"【销项发票管理】红字发票确认单，获取红字确认单弹框 - 红字确认单编号数据类型效验",销项发票管理|红字发票确认单,阻塞,,"登录有相应权限的用户，进入红字发票确认单页面，打开获取红字确认单弹框","【1】1. 在红字确认单编号输入框中合法的数据类型【2】2. 在红字确认单编号输入框中不合法的数据类型","【1】1. 可成功输入【2】1. 给出友好提示","【1】【2】",无,P3,
"【销项发票管理】红字发票确认单，获取红字确认单弹框 - 确认",销项发票管理|红字发票确认单,阻塞,,"登录有相应权限的用户，进入红字发票确认单页面，打开获取红字确认单弹框","【1】1. 在接收方名称和红字确认单编号选择数据，点击确认","【1】1. 获取成功时，给出获取成功的相关提示2. 获取失败时，给出获取失败的相关提示3. 根据购方申请的红字信息表编号，调用接口下载红字信息表内容，回写到列表","【1】",无,P2,
"【销项发票管理】红字发票确认单，查看明细弹框效验",销项发票管理|红字发票确认单,未通过,,"登录有相应权限的用户，进入红字发票确认单页面","【1】1. 点击查看明细【2】1. 点击取消/X","【1】1. 打开查看明细弹框，显示正确的明细数据【2】1. 弹框关闭","【1】【2】",无,P3,
"【销项发票管理】红字发票确认单，查看明细的可用状态",销项发票管理|红字发票确认单,已通过,,"登录有相应权限的用户，进入红字发票确认单页面","【1】1. 查看明细操作的可用状态","【1】1. 在所有状态下可用","【1】",无,P3,
"【销项发票管理】红字发票确认单，开具的可用状态",销项发票管理|红字发票确认单,已通过,,"登录有相应权限的用户，进入红字发票确认单页面","【1】1. 在无需确认/购销双方已确认的状态下【2】2. 在销方录入待购方确认/购方录入待销方确认/作废（销方录入购方否认）/作废（购方录入销方否认）/作废（超72小时未确认）/状态未知的状态下","【1】1. 开具操作可见【2】1. 开具操作不可见","【1】【2】",无,P3,
"【销项发票管理】红字发票确认单，开具确认",销项发票管理|红字发票确认单,未通过,,"登录有相应权限的用户，进入红字发票确认单页面","【1】在状态为01-无需确认/04-购销双方已确认的状态下，点击开具操作","【1】1. 确认开具后，确认单状态和操作按钮更新2. 同时在销项发票管理中新增加一条对应红字发票，在数据的备注内容中update“对应蓝字发票号码：XXXXXXXX”（目前实现全部冲红）","【1】",无,P1,
"【销项发票管理】红字发票确认单，刷新状态操作的可用状态",销项发票管理|红字发票确认单,未通过,,"登录有相应权限的用户，进入红字发票确认单页面","【1】1. 在02-销方录入待购方确认的状态下【2】2. 01-无需确认/03-购方录入待销方确认/04-购销双方已确认/05-作废（销方录入购方否认）/06-作废（购方录入销方否认）/07-作废（超72小时未确认）/00-状态未知的状态下","【1】1. 刷新状态操作可见【2】1. 刷新状态操作不可见","【1】【2】",无,P3,
"【销项发票管理】红字发票确认单，点击刷新状态成功刷新",销项发票管理|红字发票确认单,阻塞,,"登录有相应权限的用户，进入红字发票确认单页面","【1】1. 在02-销方录入待购方确认状态，点击刷新状态","【1】1. 调用接口查看红字发票确认单的数据，更新确认单状态到 04","【1】",无,P3,
"【销项发票管理】红字发票确认单，确认信息表操作的可用状态",销项发票管理|红字发票确认单,已通过,,"登录有相应权限的用户，进入红字发票确认单页面","【1】1. 在03-购方录入待销方确认的状态下【2】2. 01-无需确认/02-销方录入待购方确认/04-购销双方已确认/05-作废（销方录入购方否认）/06-作废（购方录入销方否认）/07-作废（超72小时未确认）/00-状态未知的状态下","【1】1.确认信息表操作可见【2】1. 刷新状态操作不可见","【1】【2】",无,P3,
"【销项发票管理】红字发票确认单，确认信息表操作",销项发票管理|红字发票确认单,阻塞,,"登录有相应权限的用户，进入红字发票确认单页面","【1】1. 在03-购方录入待销方确认状态，点击确认信息表","【1】1. 调用接口红字确认单确认，并根据返回结果更新确认单状态到 04","【1】",无,P3,
"【销项发票管理】红字发票确认单，场景1 - 无需确认时开具红字发票",销项发票管理|红字发票确认单,待评审,,"登录有相应权限的用户","【1】1. 在销项发票管理页面，对开具成功的发票进行冲红操作【2】2. 在红字发票确认单页面，点击获取红字确认单【3】3. 在红字发票确认单页面，输入步骤一中的数据，点击确定【4】4. 当获取的红字确认单的状态为01-无需确认【5】5. 点击开具操作","【1】1. 在红字发票确认单插入一条对应申请信息，并调用红字确认单申请接口【2】1. 打开获取红字确认单弹框【3】1. 根据购方申请的红字信息表编号，调用接口下载红字信息表内容。【4】1. 显示查看明细，开具操作【5】1. 确认开具后，确认单状态和操作按钮更新2. 同时在销项发票管理中新增加一条对应红字发票，在数据的备注内容中update“对应蓝字发票号码：XXXXXXXX”（目前实现全部冲红）","【1】【2】【3】【4】【5】",无,P1,
"【销项发票管理】红字发票确认单，场景2 - 销方录入待购方确认时开具红字发票",销项发票管理|红字发票确认单,待评审,,"登录有相应权限的用户","【1】1. 在销项发票管理页面，对开具成功的发票进行冲红操作【2】2. 在红字发票确认单页面，点击获取红字确认单【3】3. 在红字发票确认单页面，输入步骤一中的数据，点击确定【4】4. 当获取的红字确认单的状态为02-销方录入待购方确认【5】5. 点击刷新状态按钮【6】6. 点击开具操作","【1】1. 在红字发票确认单插入一条对应申请信息，并调用红字确认单申请接口【2】1. 打开获取红字确认单弹框【3】1. 根据购方申请的红字信息表编号，调用接口下载红字信息表内容。【4】1. 显示查看明细，刷新状态操作【5】1. 调用接口查看红字发票确认单的数据，线下要求购方确认后，更新确认单状态到 042. 显示查看明细，开具操作【6】1. 确认开具后，确认单状态和操作按钮更新2. 同时在销项发票管理中新增加一条对应红字发票，在数据的备注内容中update“对应蓝字发票号码：XXXXXXXX”（目前实现全部冲红）","【1】【2】【3】【4】【5】【6】",无,P1,
"【销项发票管理】红字发票确认单，场景3 - 购方录入待销方确认时开具红字发票",销项发票管理|红字发票确认单,待评审,,"登录有相应权限的用户","【1】1. 在销项发票管理页面，对开具成功的发票进行冲红操作【2】2. 在红字发票确认单页面，点击获取红字确认单【3】3. 在红字发票确认单页面，输入步骤一中的数据，点击确定【4】4. 当获取的红字确认单的状态为03-购方录入待销方确认【5】5. 点击确认信息表操作【6】6. 点击开具操作","【1】1. 在红字发票确认单插入一条对应申请信息，并调用红字确认单申请接口【2】1. 打开获取红字确认单弹框【3】1. 根据购方申请的红字信息表编号，调用接口下载红字信息表内容。【4】1. 显示查看明细，确认信息表操作【5】1. 点击后，调用接口红字确认单确认 并根据返回结果更新确认单状态到 042. 显示查看明细，开具操作【6】1. 确认开具后，确认单状态和操作按钮更新2. 同时在销项发票管理中新增加一条对应红字发票，在数据的备注内容中update“对应蓝字发票号码：XXXXXXXX”（目前实现全部冲红）","【1】【2】【3】【4】【5】【6】",无,P1,
"【销项发票管理】红字发票确认单，场景4 - 作废",销项发票管理|红字发票确认单,待评审,,"登录有相应权限的用户，进入红字发票确认单页面","【1】1. 当获取的红字确认单的状态为02-销方录入待购方确认，点击刷新状态按钮（购方确认后）【2】2. 当获取的红字确认单的状态为02-销方录入待购方确认，点击刷新状态按钮（购方72小时未确认后）【3】3. 当获取的红字确认单的状态为03-购方录入待销方确认（销方确认后）【4】4. 当获取的红字确认单的状态为03-购方录入待销方确认（销方72小时未确认后）","【1】1. 调用接口查看红字发票确认单的数据，购方否认后，更新确认单状态到 05-作废（销方录入购方否认）2. 显示查看明细操作【2】1. 调用接口查看红字发票确认单的数据，购方超过72小时未确认，更新确认单状态到 07-作废（超72小时未确认）2. 显示查看明细操作【3】1. 调用接口查看红字发票确认单的数据，销方否认后，更新确认单状态到 04-作废（购方录入销方否认）2. 显示查看明细操作【4】1. 调用接口查看红字发票确认单的数据，销方超过72小时未确认，更新确认单状态到 07-作废（超72小时未确认）2. 显示查看明细操作","【1】【2】【3】【4】",无,P2,
"【销项发票管理】红字发票确认单，翻页",销项发票管理|红字发票确认单,已通过,,"登录有相应权限的用户，进入红字发票确认单页面","【1】1. 数据超过一页时","【1】1. 点击页数跳转成功2. 输入页码跳转成功3. 点击页码跳转成功4. 点击<>跳转成功5. 切换每页显示条数成功6. 输入不合法的页码被自动清除","【1】",无,P3,
"【销项管理】角色权限",销项发票管理|权限,待评审,,"登录系统","【1】1. 进入销项管理页面（开票申请单/待开具发票管理/销项发票管理/红字发票确认单/销项统计）并进行操作，当前用户的角色权限勾选当前操作时【2】1. 进入销项管理页面（开票申请单/待开具发票管理/销项发票管理/红字发票确认单/销项统计）并进行操作，当前用户的角色权限未勾选当前操作时","【1】1. 可成功显示并点击操作【2】1. 未勾选角色权限的操作不显示","【1】【2】",无,P3,
"【开票管理】手工开票，导入 - 必填项效验",销项发票管理|手工开票,待评审,,"登录有相应权限的用户，进入手工开票","【1】1. 点击上传按钮【2】2. 必填项星号效验【3】3. 上传文件（正向效验），点击确认【4】4. 文件为空为空（反向效验），点击确认","【1】1. 打开上传弹框【2】1. 上传文件为必填项，显示必填项星号【3】1. 可成功上传【4】1. 提示效验失败","【1】【2】【3】【4】",无,P3,
"【开票管理】手工开票，导入 - 文件大小效验",销项发票管理|手工开票,待评审,,"登录有相应权限的用户，进入手工开票","【1】1. 点击上传按钮【2】2. 上传超过20mb的文件","【1】1. 打开上传弹框【2】1. 提示效验失败","【1】【2】",无,P3,
"【【开票管理】手工开票，导入 - 文件类型效验",销项发票管理|手工开票,待评审,,"登录有相应权限的用户，进入手工开票","【1】1. 点击上传按钮【2】2. 上传类型不为xlsx的文件","【1】1. 打开上传弹框【2】1. 提示效验失败","【1】【2】",无,P3,
"【开票管理】手工开票，导入 - 文件类型效验",销项发票管理|手工开票,待评审,,"登录有相应权限的用户，进入手工开票","【1】1. 点击上传按钮【2】2. 上传类型不为xlsx的文件","【1】1. 打开上传弹框【2】1. 提示效验失败","【1】【2】",无,P3,
"【开票管理】手工开票，导入 - 文件个数效验",销项发票管理|手工开票,待评审,,"登录有相应权限的用户，进入手工开票","【1】1. 点击上传按钮【2】2. 上传多个文件","【1】1. 打开上传弹框【2】1. 提示效验失败","【1】【2】",无,P3,
"【开票管理】手工开票，导入 - 下载模板",销项发票管理|手工开票,待评审,,"登录有相应权限的用户，进入手工开票","【1】1. 点击上传按钮【2】2. 点击下载模板","【1】1. 打开上传弹框【2】1. 成功下载模板2. 下载模板的名称显示正确3. 下载文件的内容显示正确","【1】【2】",无,P3,
"【开票管理】手工开票，导入 - 正向上传1，非必填项不为空",销项发票管理|手工开票,待评审,,"登录有相应权限的用户，进入手工开票","【1】1. 点击上传按钮【2】2. 上传数据格式正确，非必填项不为空的文件","【1】1. 打开上传弹框【2】1. 数据上传成功，在列表显示对应的数据","【1】【2】",无,P1,
"【开票管理】手工开票，导入 - 正向上传2，非必填项为空",销项发票管理|手工开票,待评审,,"登录有相应权限的用户，进入手工开票","【1】1. 点击上传按钮【2】2. 上传数据格式正确，非必填项为空的文件","【1】1. 打开上传弹框【2】1. 数据上传成功，在列表显示对应的数据，在销项纳税人搜索框显示对应的数据","【1】【2】",无,P1,
"【开票管理】手工开票，导入 - 反向上传1，数据错误",销项发票管理|手工开票,待评审,,"登录有相应权限的用户，进入手工开票","【1】1. 点击上传按钮【2】2. 上传数据格式错误的文件","【1】1. 打开上传弹框【2】1. 数据上传失败，并给出对应的提示2. 在上传记录弹框显示对应的数据","【1】【2】",无,P3,
"【开票管理】手工开票，导入 - 反向上传2，数据重复",销项发票管理|手工开票,待评审,,"登录有相应权限的用户，进入手工开票","【1】1. 点击上传按钮【2】2. 上传纳税人重复的数据的文件","【1】1. 打开上传弹框【2】1. 数据上传失败，并给出对应的提示2. 在上传记录弹框显示对应的数据","【1】【2】",无,P3,
"【开票管理】手工开票，导入 - 反向上传3，必填项未填",销项发票管理|手工开票,待评审,,"登录有相应权限的用户，进入手工开票","【1】1. 点击上传按钮【2】2. 上传必填项为空的文件","【1】1. 打开上传弹框【2】1. 数据上传失败，并给出对应的提示2. 在上传记录弹框显示对应的数据","【1】【2】",无,P3,
"【开票管理】手工开票，新增 - 必填项效验",销项发票管理|手工开票,待评审,,"登录有相应权限的用户，进入手工开票","【1】1. 点击新增按钮【2】2. 必填项星号效验【3】3. 必填项填入合法数据，非必填项为空（正向效验），点击确认【4】4. 必填项为空（反向效验），点击确认","【1】1. 打开新增弹框【2】1. 购买方信息tab页，企业名称和纳税人识别为必填项，显示必填项星号2. 销售方信息tab页，企业名称、纳税人识别号、开票人为必填项，显示必填项星号3. 开票信息tab页，开票类型、项目名称、单位、数量、单价为必填项，显示必填项星号【3】1. 可成功新增数据【4】1. 提示效验失败","【1】【2】【3】【4】",无,P3,
"【开票管理】手工开票，新增 - 长度效验",销项发票管理|手工开票,待评审,,"登录有相应权限的用户，进入手工开票","【1】1. 点击新增按钮【2】2. 长度校验","【1】1. 打开新增弹框【2】1. 所有输入框输入最大长度后，不允许再输入数据","【1】【2】",无,P3,
"【开票管理】手工开票，新增 - 数据格式正向效验",销项发票管理|手工开票,待评审,,"登录有相应权限的用户，进入手工开票","【1】1. 点击新增按钮【2】2. 在购买方/销售方信息tab页，在电话输入满足长度的数字或数据加'-'的数据","【1】1. 打开新增弹框【2】1. 可成功输入","【1】【2】",无,P3,
"【开票管理】手工开票，新增 - 数据格式反向效验",销项发票管理|手工开票,待评审,,"登录有相应权限的用户，进入手工开票","【1】1. 点击新增按钮【2】2. 在购买方/销售方信息tab页，在电话输入不满足长度的数字或非数字类型的数据","【1】1. 打开新增弹框【2】1. 提示输入正确的数据","【1】【2】",无,P3,
"【开票管理】手工开票，新增 - 置灰项效验",销项发票管理|手工开票,待评审,,"登录有相应权限的用户，进入手工开票","【1】1. 点击新增按钮【2】2. 置灰项效验","【1】1. 打开新增弹框【2】1. 在销售方信息tab页，纳税人识别号为置灰项","【1】【2】",无,P3,
"【开票管理】手工开票，新增 - 取消/X",销项发票管理|手工开票,待评审,,"登录有相应权限的用户，进入手工开票","【1】1. 打开新增弹框，不输入任何数据，点击取消/X【2】2. 打开新增弹框，输入数据，点击取消/X，再次打开弹框","【1】1. 弹框关闭【2】1. 弹框显示默认空数据","【1】【2】",无,P3,
"【开票管理】手工开票，新增 - 购买方信息tab - 企业名称下拉框的数据内容",销项发票管理|手工开票,待评审,,"登录有相应权限的用户，进入手工开票","【1】1. 打开新增弹框，点击购买方信息tab【2】2. 打开企业名称下拉框","【1】1. 打开购买方信息tab页【2】1. 企业名称下拉框显示的为购方信息管理的所有公司名称","【1】【2】",无,P3,
"【开票管理】手工开票，新增 - 购买方信息tab - 选择企业名称下拉框的数据",销项发票管理|手工开票,待评审,,"登录有相应权限的用户，进入手工开票","【1】1. 打开新增弹框，点击购买方信息tab【2】2. 打开企业名称下拉框【3】3. 选择下拉框的数据","【1】1. 打开购买方信息tab页【2】1. 企业名称下拉框显示的为购方信息管理的所有公司名称【3】1. 下拉框的数据被成功选中","【1】【2】【3】",无,P3,
"【开票管理】手工开票，新增 - 购买方信息tab - 手工输入企业名称中的数据",销项发票管理|手工开票,待评审,,"登录有相应权限的用户，进入手工开票","【1】1. 打开新增弹框，点击购买方信息tab【2】2. 打开企业名称下拉框【3】3. 在企业名称下拉框中输入数据【4】4. 在企业名称下拉框中输入下拉框的数据不存在的内容并选择","【1】1. 打开购买方信息tab页【2】1. 企业名称下拉框显示的为购方信息管理的所有公司名称【3】1. 支持模糊匹配【4】1. 数据被成功选择并显示","【1】【2】【3】【4】",无,P3,
"【开票管理】手工开票，新增 - 销售方信息tab - 企业名称下拉框的数据内容",销项发票管理|手工开票,待评审,,"登录有相应权限的用户，进入销售方信息","【1】1. 打开新增弹框，点击销售方信息tab【2】2. 打开企业名称下拉框","【1】1. 打开销售方信息tab页【2】1. 企业名称下拉框显示的为销方信息管理的所有公司名称","【1】【2】",无,P3,
"【开票管理】手工开票，新增 - 销售方信息tab - 选择企业名称下拉框的数据",销项发票管理|手工开票,待评审,,"登录有相应权限的用户，进入销售方信息","【1】1. 打开新增弹框，点击销售方信息tab【2】2. 打开企业名称下拉框【3】3. 选择下拉框的数据","【1】1. 打开销售方信息tab页【2】1. 企业名称下拉框显示的为销方信息管理的所有公司名称【3】1. 下拉框的数据被成功选中","【1】【2】【3】",无,P3,
"【开票管理】手工开票，新增 - 销售方信息tab - 手工输入企业名称中的数据",销项发票管理|手工开票,待评审,,"登录有相应权限的用户，进入销售方信息","【1】1. 打开新增弹框，点击销售方信息tab【2】2. 打开企业名称下拉框【3】3. 在企业名称下拉框中输入数据【4】4. 在企业名称下拉框中输入下拉框的数据不存在的内容","【1】1. 打开销售方信息tab页【2】1. 企业名称下拉框显示的为销方信息管理的所有公司名称【3】1. 支持模糊匹配【4】1. 无法选择手工输入的不存在的数据","【1】【2】【3】【4】",无,P3,
"【开票管理】手工开票，新增 - 开票信息tab - 开票类型下拉框默认值及数据",销项发票管理|手工开票,待评审,,"登录有相应权限的用户，进入手工开票","【1】1. 打开新增弹框，点击开票信息tab【2】2. 开票类型默认值【3】1. 开票类型下拉框的值","【1】1. 打开开票信息tab页【2】1. 数电专票【3】1. 数电普通发票2. 数电专用发票","【1】【2】【3】",无,P3,
"【开票管理】手工开票，新增 - 开票信息tab - 新增按钮",销项发票管理|手工开票,待评审,,"登录有相应权限的用户，进入手工开票","【1】1. 打开新增弹框，点击开票信息tab【2】2. 点击新增按钮","【1】1. 打开开票信息tab页【2】1. 新增一条数据记录","【1】【2】",无,P3,
"【开票管理】手工开票，新增 - 开票信息tab - 新增 - 最大长度及小数位",销项发票管理|手工开票,待评审,,"登录有相应权限的用户，进入手工开票","【1】1. 打开新增弹框 - 开票信息tab，点击新增按钮【2】2. 最大长度及小数位【3】3. 价税合计的总金额显示正确","【1】1. 新增一条数据记录【2】1. 规格型号 最大长度150，单位 最大长度 30 ，手工填写2. 数量：最大长度10位整数，2位小数，手工填写3. 单价：最大长度10位整数，2位小数，手工填写4. 金额：最大长度10位整数，2位小数，手工填写【3】1. 在总金额的价税合计（大写及小写）显示正确","【1】【2】【3】",无,P3,
"【开票管理】手工开票，新增 - 开票信息tab - 新增 - 税率及税额计算",销项发票管理|手工开票,待评审,,"登录有相应权限的用户，进入手工开票","【1】1. 打开新增弹框 - 开票信息tab，点击新增按钮【2】2. 税率及税额计算【3】3. 价税合计的总金额显示正确","【1】1. 新增一条数据记录【2】1. 税率：根据选择的商品进行回写2. 税额=金额*税率，保留两位小数。 自动计算，不允许修改。3. 价税合计=金额+税额，两位小数，不允许修改。【3】1. 在总金额的价税合计（大写及小写）显示正确","【1】【2】【3】",无,P3,
"【开票管理】手工开票，新增 - 开票信息tab - 新增 - 删除",销项发票管理|手工开票,待评审,,"登录有相应权限的用户，进入手工开票","【1】1. 打开新增弹框，点击开票信息tab【2】2. 新增多条数据，勾选数据，点击删除按钮【3】3. 价税合计的总金额显示正确","【1】1. 打开开票信息tab页【2】1. 选中的数据被直接删除【3】1. 在总金额的价税合计（大写及小写）显示正确","【1】【2】【3】",无,P3,
"【开票管理】手工开票，新增 - 开票信息tab - 新增 - 重置",销项发票管理|手工开票,待评审,,"登录有相应权限的用户，进入手工开票","【1】1. 打开新增弹框，点击开票信息tab【2】2. 新增多条数据，点击重置按钮【3】3. 价税合计的总金额显示正确","【1】1. 打开开票信息tab页【2】1. 列表中的所有数据被清空【3】1. 在总金额的价税合计（大写及小写）显示正确","【1】【2】【3】",无,P3,
"【开票管理】手工开票，新增 - 开票信息tab - 选择商品",销项发票管理|手工开票,待评审,,"登录有相应权限的用户，进入手工开票","【1】1. 打开新增弹框 - 开票信息tab，点击列表的项目名称旁的icon【2】2. 搜索框搜索【3】3.勾选商品名称，点击确认选择【4】4. 翻页功能正常【5】5.点击x","【1】1. 打开商品选择弹框，正确显示所有商品及其信息【2】1. 输入满足条件的数据，可模糊匹配2. 输入不满足条件的数据，提示暂无数据3. 点击重置，清空搜索框【3】1. 弹框关闭，选择的所有数据回写到新增列表中，金额、税额、价税合计及总金额显示正确【4】1. 验证选择显示的条数，上一页/下一页，点击页码翻页，输入页码翻页【5】1. 弹框关闭，操作取消","【1】【2】【3】【4】【5】",无,P2,
"【开票管理】手工开票，新增 - 开票信息tab - 新增商品",销项发票管理|手工开票,待评审,,"登录有相应权限的用户，进入手工开票","【1】1. 打开新增弹框 - 开票信息tab，点击列表的项目名称旁的icon，点击新增商品【2】2. 默认值效验【3】3. 置灰项效验【4】4. 新增商品，正向效验【5】5.点击取消/x","【1】1. 打开新增商品弹框【2】1. 全部默认为空【3】1. 税收分类编码，税收分类名称，适用税率置灰【4】1. 输入商品名称，编码查询选择对应的数据，点击确定按钮，数据新增到选择商品弹框列表中【5】1. 弹框关闭，操作取消","【1】【2】【3】【4】【5】",无,P2,
"【开票管理】手工开票，新增 - 开票信息tab - 编码查询",销项发票管理|手工开票,待评审,,"","【1】1. 打开新增弹框 - 开票信息tab，点击列表的项目名称旁的icon，点击新增商品，点击编码查询【2】2. 搜索框搜索【3】3. 点击选择按钮【4】4. 翻页功能正常【5】5.点击取消/x","【1】1. 打开选择税收分类编码弹框，所有商品信息正确显示【2】1. 输入满足条件的数据，可模糊匹配2. 输入不满足条件的数据，提示暂无数据3. 点击重置，清空搜索框【3】1. 弹框关闭，数据回写到新增弹框中【4】1. 验证选择显示的条数，上一页/下一页，点击页码翻页，输入页码翻页【5】1. 弹框关闭，操作取消","【1】【2】【3】【4】【5】",无,P2,
"【开票管理】手工开票，新增 - 确认",销项发票管理|手工开票,待评审,,"登录有相应权限的用户，进入手工开票","【1】1. 点击新增按钮【2】2. 在所有弹框填入合法的数据【3】3. 价税合计的总金额显示正确【4】4. 点击确认","【1】1. 打开新增弹框【2】1. 数据成功输入【3】1. 在总金额的价税合计（大写及小写）显示正确【4】1. 数据新增成功，在列表显示对应的数据2. 推送状态默认为未提交3. 全部操作按钮可用","【1】【2】【3】【4】",无,P1,
"【开票管理】手工开票，新增 - 预览发票",销项发票管理|手工开票,待评审,,"登录有相应权限的用户，进入手工开票","【1】1. 点击新增按钮【2】2. 在弹框填入合法的数据【3】3. 点击预览发票【4】4. 点击x","【1】1. 打开新增弹框【2】1. 数据成功输入【3】1. 打开预览发票页面，页面格式显示正确，所有值显示正确【4】1. 预览发票页面弹窗关闭","【1】【2】【3】【4】",无,P2,
"【开票管理】手工开票，新增 - 取消/X",销项发票管理|手工开票,待评审,,"登录有相应权限的用户，进入手工开票","【1】1. 点击新增按钮【2】2. 在弹框填入合法的数据【3】3. 点击取消/x","【1】1. 打开新增弹框【2】1. 数据成功输入【3】1. 弹窗关闭，新增取消","【1】【2】【3】",无,P2,
"【开票管理】手工开票，编辑 - 可用状态",销项发票管理|手工开票,待评审,,"登录有相应权限的用户，进入手工开票","【1】1. 未提交/已退回状态【2】2. 已提交状态","【1】1. 编辑按钮可用【2】1. 编辑按钮不可用","【1】【2】",无,P3,
"【开票管理】手工开票，编辑 - 数据正确性",销项发票管理|手工开票,待评审,,"登录有相应权限的用户，进入手工开票","【1】1. 点击编辑按钮","【1】1. 打开编辑弹框，所有tab页显示正确的数据","【1】",无,P2,
"【开票管理】手工开票，编辑 - 必填项效验",销项发票管理|手工开票,待评审,,"登录有相应权限的用户，进入手工开票","【1】1. 点击编辑按钮【2】2. 必填项星号效验【3】3. 必填项填入合法数据，非必填项为空（正向效验），点击确认【4】4. 必填项为空（反向效验），点击确认","【1】1. 打开编辑弹框【2】1. 购买方信息tab页，企业名称和纳税人识别为必填项，显示必填项星号2. 销售方信息tab页，企业名称、纳税人识别号、开票人为必填项，显示必填项星号3. 开票信息tab页，开票类型、项目名称、单位、数量、单价为必填项，显示必填项星号【3】1. 可成功新增数据【4】1. 提示效验失败","【1】【2】【3】【4】",无,P3,
"【开票管理】手工开票，编辑 - 长度效验",销项发票管理|手工开票,待评审,,"登录有相应权限的用户，进入手工开票","【1】1. 点击编辑按钮【2】2. 长度校验","【1】1. 打开编辑弹框【2】1. 所有输入框输入最大长度后，不允许再输入数据","【1】【2】",无,P3,
"【开票管理】手工开票，编辑 - 数据格式正向效验",销项发票管理|手工开票,待评审,,"登录有相应权限的用户，进入手工开票","【1】1. 点击编辑按钮【2】2. 在购买方/销售方信息tab页，在电话输入满足长度的数字或数据加'-'的数据","【1】1. 打开编辑弹框【2】1. 可成功输入","【1】【2】",无,P3,
"【开票管理】手工开票，编辑 - 数据格式反向效验",销项发票管理|手工开票,待评审,,"登录有相应权限的用户，进入手工开票","【1】1. 点击编辑按钮【2】2. 在购买方/销售方信息tab页，在电话输入不满足长度的数字或非数字类型的数据","【1】1. 打开编辑弹框【2】1. 提示输入正确的数据","【1】【2】",无,P3,
"【开票管理】手工开票，编辑 - 置灰项效验",销项发票管理|手工开票,待评审,,"登录有相应权限的用户，进入手工开票","【1】1. 点击编辑按钮【2】2. 置灰项效验","【1】1. 打开编辑弹框【2】1. 在销售方信息tab页，纳税人识别号为置灰项","【1】【2】",无,P3,
"【开票管理】手工开票，编辑 - 取消/X",销项发票管理|手工开票,待评审,,"登录有相应权限的用户，进入手工开票","【1】1. 打开编辑弹框，不输入任何数据，点击取消/X【2】2. 打开编辑框，输入数据，点击取消/X，再次打开弹框","【1】1. 弹框关闭【2】1. 弹框显示默认空数据","【1】【2】",无,P3,
"【开票管理】手工开票，编辑 - 开票信息tab - 开票类型下拉框数据",销项发票管理|手工开票,待评审,,"登录有相应权限的用户，进入手工开票","【1】1. 打开编辑弹框，点击开票信息tab【2】1. 开票类型下拉框的值","【1】1. 打开开票信息tab页【2】1. 数电普通发票2. 数电专用发票","【1】【2】",无,P3,
"【开票管理】手工开票，编辑 - 开票信息tab - 新增按钮",销项发票管理|手工开票,待评审,,"登录有相应权限的用户，进入手工开票","【1】1. 打开编辑弹框，点击开票信息tab【2】2. 点击新增按钮","【1】1. 打开开票信息tab页【2】1. 新增一条数据记录","【1】【2】",无,P3,
"【开票管理】手工开票，编辑 - 开票信息tab - 新增 - 最大长度及小数位",销项发票管理|手工开票,待评审,,"登录有相应权限的用户，进入手工开票","【1】1. 打开编辑弹框 - 开票信息tab，点击新增按钮【2】2. 最大长度及小数位【3】3. 价税合计的总金额显示正确","【1】1. 新增一条数据记录【2】1. 规格型号 最大长度150，单位 最大长度 30 ，手工填写2. 数量：最大长度10位整数，2位小数，手工填写3. 单价：最大长度10位整数，2位小数，手工填写4. 金额：最大长度10位整数，2位小数，手工填写【3】1. 在总金额的价税合计（大写及小写）显示正确","【1】【2】【3】",无,P3,
"【开票管理】手工开票，编辑 - 开票信息tab - 新增 - 税率及税额计算",销项发票管理|手工开票,待评审,,"登录有相应权限的用户，进入手工开票","【1】1. 打开编辑弹框 - 开票信息tab，点击新增按钮【2】2. 税率及税额计算【3】3. 价税合计的总金额显示正确","【1】1. 新增一条数据记录【2】1. 税率：根据选择的商品进行回写2. 税额=金额*税率，保留两位小数。 自动计算，不允许修改。3. 价税合计=金额+税额，两位小数，不允许修改。【3】1. 在总金额的价税合计（大写及小写）显示正确","【1】【2】【3】",无,P3,
"【开票管理】手工开票，编辑 - 开票信息tab - 新增 - 删除",销项发票管理|手工开票,待评审,,"登录有相应权限的用户，进入手工开票","【1】1. 打开编辑弹框，点击开票信息tab【2】1. 新增多条数据，勾选数据，点击删除按钮【3】3. 价税合计的总金额显示正确","【1】1. 打开开票信息tab页【2】1. 选中的数据被直接删除【3】1. 在总金额的价税合计（大写及小写）显示正确","【1】【2】【3】",无,P3,
"【开票管理】手工开票，编辑 - 开票信息tab - 新增 - 重置",销项发票管理|手工开票,待评审,,"登录有相应权限的用户，进入手工开票","【1】1. 打开编辑弹框，点击开票信息tab【2】1. 新增多条数据，点击重置按钮【3】3. 价税合计的总金额显示正确","【1】1. 打开开票信息tab页【2】1. 列表中的所有数据被清空【3】1. 在总金额的价税合计（大写及小写）显示正确","【1】【2】【3】",无,P3,
"【开票管理】手工开票，编辑- 开票信息tab - 选择商品",销项发票管理|手工开票,待评审,,"登录有相应权限的用户，进入手工开票","【1】1. 打开编辑弹框 - 开票信息tab，点击列表的项目名称旁的icon【2】2. 搜索框搜索【3】3.勾选商品名称，点击确认选择【4】4. 翻页功能正常【5】5.点击x","【1】1. 打开商品选择弹框，正确显示所有商品及其信息【2】1. 输入满足条件的数据，可模糊匹配2. 输入不满足条件的数据，提示暂无数据3. 点击重置，清空搜索框【3】1. 弹框关闭，选择的所有数据回写到新增列表中2. 在总金额的价税合计（大写及小写）显示正确【4】1. 验证选择显示的条数，上一页/下一页，点击页码翻页，输入页码翻页【5】1. 弹框关闭，操作取消","【1】【2】【3】【4】【5】",无,P2,
"【开票管理】手工开票，编辑 - 开票信息tab - 新增商品",销项发票管理|手工开票,待评审,,"登录有相应权限的用户，进入手工开票","【1】1. 打开编辑弹框 - 开票信息tab，点击列表的项目名称旁的icon，点击新增商品【2】2. 默认值效验【3】3. 置灰项效验【4】4. 新增商品，正向效验【5】3.点击取消/x","【1】1. 打开新增商品弹框【2】1. 全部默认为空【3】1. 税收分类编码，税收分类名称，适用税率置灰【4】1. 输入商品名称，编码查询选择对应的数据，点击确定按钮，数据新增到选择商品弹框列表中【5】1. 弹框关闭，操作取消","【1】【2】【3】【4】【5】",无,P2,
"【开票管理】手工开票，编辑 - 开票信息tab - 编码查询",销项发票管理|手工开票,待评审,,"","【1】1. 打开编辑弹框 - 开票信息tab，点击列表的项目名称旁的icon，点击新增商品，点击编码查询【2】2. 搜索框搜索【3】3. 点击选择按钮【4】4. 翻页功能正常【5】5.点击取消/x","【1】1. 打开选择税收分类编码弹框，所有商品信息正确显示【2】1. 输入满足条件的数据，可模糊匹配2. 输入不满足条件的数据，提示暂无数据3. 点击重置，清空搜索框【3】1. 弹框关闭，数据回写到新增弹框中【4】1. 验证选择显示的条数，上一页/下一页，点击页码翻页，输入页码翻页【5】1. 弹框关闭，操作取消","【1】【2】【3】【4】【5】",无,P2,
"【开票管理】手工开票，编辑 - 确认",销项发票管理|手工开票,待评审,,"登录有相应权限的用户，进入手工开票","【1】1. 点击编辑按钮【2】2. 在所有弹框填入合法的数据【3】3. 价税合计的总金额显示正确【4】4. 点击确认","【1】1. 打开编辑弹框【2】1. 数据成功输入【3】1. 在总金额的价税合计（大写及小写）显示正确【4】1. 数据修改成功，在列表显示对应的数据","【1】【2】【3】【4】",无,P1,
"【开票管理】手工开票，编辑 - 预览发票",销项发票管理|手工开票,待评审,,"登录有相应权限的用户，进入手工开票","【1】1. 点击编辑按钮【2】2. 在弹框填入合法的数据【3】3. 点击预览发票【4】3. 点击x","【1】1. 打开编辑弹框【2】1. 数据成功输入【3】1. 打开预览发票页面，页面格式显示正确，所有值显示正确【4】1. 预览发票页面弹窗关闭","【1】【2】【3】【4】",无,P2,
"【开票管理】手工开票，编辑 - 取消/X",销项发票管理|手工开票,待评审,,"登录有相应权限的用户，进入手工开票","【1】1. 点击编辑按钮【2】2. 在弹框填入合法的数据【3】3. 点击取消/x","【1】1. 打开编辑弹框【2】1. 数据成功输入【3】1. 弹窗关闭，编辑取消","【1】【2】【3】",无,P2,
"【开票管理】手工开票，明细 - 可用状态",销项发票管理|手工开票,待评审,,"登录有相应权限的用户，进入手工开票","【1】1. 未提交/已退回/已提交状态","【1】1. 所有状态下，明细按钮可用","【1】",无,P3,
"【开票管理】手工开票，明细",销项发票管理|手工开票,待评审,,"登录有相应权限的用户，进入手工开票","【1】1. 点击明细按钮","【1】1. 打开明细弹框，所有数据显示正确，不可编辑","【1】",无,P2,
"【开票管理】手工开票，明细 - 取消/X",销项发票管理|手工开票,待评审,,"登录有相应权限的用户，进入手工开票","【1】1. 点击明细按钮【2】3. 点击x","【1】1. 打开明细弹框【2】1. 弹窗关闭","【1】【2】",无,P2,
"【开票管理】手工开票，预览发票 - 可用状态",销项发票管理|手工开票,待评审,,"登录有相应权限的用户，进入手工开票","【1】1. 未提交/已退回/已提交状态","【1】1. 所有状态下，预览发票按钮可用","【1】",无,P3,
"【开票管理】手工开票，预览发票",销项发票管理|手工开票,待评审,,"登录有相应权限的用户，进入手工开票","【1】1. 点击预览发票【2】3. 点击x","【1】1. 打开预览发票页面，页面格式显示正确，所有值显示正确【2】1. 预览发票页面弹窗关闭","【1】【2】",无,P2,
"【开票管理】手工开票，预览发票 - 取消/X",销项发票管理|手工开票,待评审,,"登录有相应权限的用户，进入手工开票","【1】1. 点击预览发票按钮【2】3. 点击x","【1】1. 打开预览发票弹框【2】1. 弹窗关闭","【1】【2】",无,P2,
"【开票管理】手工开票，开具 - 可用状态",销项发票管理|手工开票,待评审,,"登录有相应权限的用户，进入手工开票","【1】1. 未提交/已退回状态【2】2. 已提交状态","【1】1. 开具按钮可用【2】1. 开具按钮不可用","【1】【2】",无,P3,
"【开票管理】手工开票，开具 - 二次确认弹框",销项发票管理|手工开票,待评审,,"登录有相应权限的用户，进入手工开票","【1】1. 点击开具按钮","【1】1. 弹出二次确认弹框","【1】",无,P3,
"【开票管理】手工开票，开具 - 取消/X",销项发票管理|手工开票,待评审,,"登录有相应权限的用户，进入手工开票","【1】1. 点击开具按钮【2】3. 点击取消/x","【1】1. 弹出二次确认弹框【2】1. 弹窗关闭，开具取消","【1】【2】",无,P3,
"【开票管理】手工开票，开具 - 确认",销项发票管理|手工开票,待评审,,"登录有相应权限的用户，进入手工开票","【1】1. 点击开具按钮【2】2. 点击确认","【1】1. 弹出二次确认弹框【2】1. 推送状态变为已推送2. 数据推送至销项管理页面，所有信息显示正确，开具成功或失败显示对应的状态","【1】【2】",无,P1,
"【开票管理】手工开票，批量开具 - 可用状态",销项发票管理|手工开票,待评审,,"登录有相应权限的用户，进入手工开票","【1】1. 只勾选未提交/已退回状态的数据【2】2. 勾选包括已提交状态的数据","【1】1. 批量开具按钮可用【2】1. 批量开具按钮不可用","【1】【2】",无,P3,
"【开票管理】手工开票，批量开具 - 二次确认弹框",销项发票管理|手工开票,待评审,,"登录有相应权限的用户，进入手工开票","【1】1. 勾选未提交/已退回状态的数据，点击批量开具按钮","【1】1. 弹出二次确认弹框","【1】",无,P3,
"【开票管理】手工开票，批量开具 - 取消/X",销项发票管理|手工开票,待评审,,"登录有相应权限的用户，进入手工开票","【1】1. 勾选未提交/已退回状态的数据，点击批量开具按钮【2】2. 点击取消/x","【1】1. 弹出二次确认弹框【2】1. 弹窗关闭，开具取消","【1】【2】",无,P3,
"【开票管理】手工开票，批量开具 - 确认",销项发票管理|手工开票,待评审,,"登录有相应权限的用户，进入手工开票","【1】1. 1. 勾选未提交/已退回状态的数据，点击批量开具按钮【2】2. 点击确认","【1】1. 弹出二次确认弹框【2】1. 推送状态变为已推送2. 数据推送至销项管理页面，所有信息显示正确，开具成功或失败显示对应的状态","【1】【2】",无,P1,
"【开票管理】手工开票，删除 - 可用状态",销项发票管理|手工开票,待评审,,"登录有相应权限的用户，进入手工开票","【1】1. 未提交/已退回状态【2】2. 已提交状态","【1】1. 删除按钮可用【2】1. 删除按钮不可用","【1】【2】",无,P3,
"【开票管理】手工开票，删除 - 二次确认弹框",销项发票管理|手工开票,待评审,,"登录有相应权限的用户，进入手工开票","【1】1. 点击删除按钮","【1】1. 弹出二次确认弹框","【1】",无,P3,
"【开票管理】手工开票，删除 - 取消/X",销项发票管理|手工开票,待评审,,"登录有相应权限的用户，进入手工开票","【1】1. 点击删除按钮【2】3. 点击取消/x","【1】1. 弹出二次确认弹框【2】1. 弹窗关闭，删除取消","【1】【2】",无,P3,
"【开票管理】手工开票，删除 - 确认",销项发票管理|手工开票,待评审,,"登录有相应权限的用户，进入手工开票","【1】1. 点击删除按钮【2】2. 点击确认","【1】1. 弹出二次确认弹框【2】1. 数据被成功删除","【1】【2】",无,P2,
"【开票管理】手工开票，翻页",销项发票管理|手工开票,待评审,,"登录有相应权限的用户，进入手工开票","【1】1. 验证选择显示的条数，上一页/下一页，点击页码翻页，输入页码翻页","【1】1. 翻页功能正常","【1】",无,P3,
"【开票管理】手工开票，搜索 - 默认值效验",销项发票管理|手工开票,待评审,,"登录有相应权限的用户，进入手工开票","【1】1. 搜索区域的默认值效验","【1】1. 默认值为空","【1】",无,P3,
"【开票管理】手工开票，搜索 - 下拉框效验",销项发票管理|手工开票,待评审,,"登录有相应权限的用户，进入手工开票","【1】1. 销方名称下拉框的值【2】2. 发票种类下拉框的值","【1】1. 销方名称下拉框显示销方信息管理中的所有公司数据【2】1. 数电普通发票2. 数电专用发票","【1】【2】",无,P3,
"【开票管理】手工开票，搜索 - 日期效验",销项发票管理|手工开票,待评审,,"登录有相应权限的用户，进入手工开票","【1】1. 点击创建日期搜索框【2】2. 只在创建日期起中选择日期【3】3. 只在创建日期止中选择日期","【1】1. 弹出日期选择器【2】1. 选择无效【3】1. 选择无效","【1】【2】【3】",无,P3,
"【开票管理】手工开票，搜索 - 正向效验（单条件）",销项发票管理|手工开票,待评审,,"登录有相应权限的用户，进入手工开票","【1】1. 点击创建日期搜索框【2】2. 在销方名称选择已存在的数据，其他搜索框为空，点击搜索【3】3. 在购方名称输入已存在的数据，其他搜索框为空，点击搜索【4】4. 在推送状态选择已存在的数据，其他搜索框为空，点击搜索【5】5. 在创建时间选择已存在的数据，其他搜索框为空，点击搜索","【1】1. 弹出日期选择器【2】1. 列表筛选对应的数据，支持模糊匹配【3】1. 列表筛选对应的数据，支持模糊匹配【4】1. 列表筛选对应的数据，支持模糊匹配【5】1. 列表筛选对应的数据，支持模糊匹配","【1】【2】【3】【4】【5】",无,P3,
"【开票管理】手工开票，搜索 - 正向效验（多条件）",销项发票管理|手工开票,待评审,,"登录有相应权限的用户，进入手工开票","【1】2. 在销方名称/购方名称/推送状态/创建时间多个搜索框中，选择存在的数据","【1】1. 列表筛选对应的数据，支持模糊匹配","【1】",无,P3,
"【开票管理】手工开票，搜索 - 反向效验（多条件）",销项发票管理|手工开票,待评审,,"登录有相应权限的用户，进入手工开票","【1】2. 在销方名称/购方名称/推送状态/创建时间多个搜索框中，选择不存在的数据","【1】1. 列表显示暂无数据","【1】",无,P3,
"【开票信息管理】销项信息管理，新增 - 必填项效验",开票信息管理|销项信息管理,待评审,,"登录有相应权限的用户，进入销方信息管理","【1】1. 点击新增按钮【2】2. 必填项星号效验【3】3. 必填项填入合法数据，非必填项为空（正向效验），点击确认【4】4. 必填项为空（反向效验），点击确认","【1】1. 打开新增弹框【2】1. 销方纳税人识别号、销方纳税人名称和开票人为必填项，显示必填项星号【3】1. 可成功新增数据【4】1. 提示效验失败","【1】【2】【3】【4】",无,P3,
"【开票信息管理】销项信息管理，新增 - 长度效验",开票信息管理|销项信息管理,待评审,,"登录有相应权限的用户，进入销方信息管理","【1】1. 点击新增按钮【2】2. 长度校验","【1】1. 打开新增弹框【2】1. 所有输入框输入最大长度后，不允许再输入数据","【1】【2】",无,P3,
"【开票信息管理】销项信息管理，新增 - 数据格式正向效验",开票信息管理|销项信息管理,待评审,,"登录有相应权限的用户，进入销方信息管理","【1】1. 点击新增按钮【2】2. 在账户账号输入数字类型的数据【3】3. 在联系电话输入满足长度的数字或数据加'-'的数据【4】3. 在联系邮件输入正确的邮件格式","【1】1. 打开新增弹框【2】1. 可成功输入【3】1. 可成功输入【4】1. 可成功输入","【1】【2】【3】【4】",无,P3,
"【开票信息管理】销项信息管理，新增 - 数据格式反向效验",开票信息管理|销项信息管理,待评审,,"登录有相应权限的用户，进入销方信息管理","【1】1. 点击新增按钮【2】2. 在账户账号输入非数字类型的数据【3】3. 在联系电话输入不满足长度的数字或非数字类型的数据【4】4. 在联系邮件输入不正确的邮件格式","【1】1. 打开新增弹框【2】1. 提示输入正确的数据【3】1. 提示输入正确的数据【4】1. 提示输入正确的数据","【1】【2】【3】【4】",无,P3,
"【开票信息管理】销项信息管理，新增 - 唯一性效验",开票信息管理|销项信息管理,待评审,,"登录有相应权限的用户，进入销方信息管理","【1】1. 点击新增按钮【2】2. 在销项纳税人识别号输入已存在的数据，其他必填项填入合法的数据，点击保存【3】3. 在销项纳税人识别号输入不存在的数据，其他输入框输入已存在的数据，点击保存","【1】1. 打开新增弹框【2】1. 提示效验失败【3】1. 保存成功","【1】【2】【3】",无,P3,
"【开票信息管理】销项信息管理，新增 - 取消/X",开票信息管理|销项信息管理,待评审,,"登录有相应权限的用户，进入销方信息管理","【1】1. 打开新增弹框，不输入任何数据，点击取消/X【2】2. 打开新增弹框，输入数据，点击取消/X，再次打开弹框","【1】1. 弹框关闭【2】1. 弹框显示默认空数据","【1】【2】",无,P3,
"【开票信息管理】销项信息管理，新增 - 确认",开票信息管理|销项信息管理,待评审,,"登录有相应权限的用户，进入销方信息管理","【1】1. 点击新增按钮【2】2. 销方纳税人识别号输入未重复且在纳税主体中状态正确的数据【3】3. 销方纳税人名称中输入识别号对应的名称【4】4. 开票人/开会行/生产地址中输入正确有效的数据【5】5. 账户账号输入数字【6】6. 联系电话输入正确的电话【7】7. 联系邮箱输入正确的邮箱【8】8. 点击确认","【1】1. 打开新增弹框【2】1. 数据成功输入【3】1. 数据成功输入【4】1. 数据成功输入【5】1. 数据成功输入【6】1. 数据成功输入【7】1. 数据成功输入【8】1. 数据新增成功，在列表显示对应的数据，在销方纳税人搜索框显示对应的数据2. 在其他页面的销方下拉框中，显示新增的数据","【1】【2】【3】【4】【5】【6】【7】【8】",无,P1,
"【开票信息管理】销项信息管理，编辑 - 置灰效验",开票信息管理|销项信息管理,待评审,,"登录有相应权限的用户，进入销方信息管理","【1】1. 点击编辑按钮【2】2. 置灰效验","【1】1. 打开编辑弹框【2】1. 销项纳税人识别号和纳税人名称置灰","【1】【2】",无,P3,
"【开票信息管理】销项信息管理，编辑 - 长度效验",开票信息管理|销项信息管理,待评审,,"登录有相应权限的用户，进入销方信息管理","【1】1. 点击编辑按钮【2】2. 长度校验","【1】1. 打开编辑弹框【2】1. 所有输入框输入最大长度后，不允许再输入数据","【1】【2】",无,P3,
"【开票信息管理】销项信息管理，编辑 - 数据格式正向效验",开票信息管理|销项信息管理,待评审,,"登录有相应权限的用户，进入销方信息管理","【1】1. 点击编辑按钮【2】2. 在账户账号输入数字类型的数据【3】3. 在联系电话输入满足长度的数字或数据加'-'的数据【4】3. 在联系邮件输入正确的邮件格式","【1】1. 打开编辑弹框【2】1. 可成功输入【3】1. 可成功输入【4】1. 可成功输入","【1】【2】【3】【4】",无,P3,
"【开票信息管理】销项信息管理，编辑 - 数据格式反向效验",开票信息管理|销项信息管理,待评审,,"登录有相应权限的用户，进入销方信息管理","【1】1. 点击编辑按钮【2】2. 在账户账号输入非数字类型的数据【3】3. 在联系电话输入不满足长度的数字或非数字类型的数据【4】4. 在联系邮件输入不正确的邮件格式","【1】1. 打开编辑弹框【2】1. 提示输入正确的数据【3】1. 提示输入正确的数据【4】1. 提示输入正确的数据","【1】【2】【3】【4】",无,P3,
"【开票信息管理】销项信息管理，编辑 - 取消/X",开票信息管理|销项信息管理,待评审,,"登录有相应权限的用户，进入销方信息管理","【1】1. 打开编辑弹框，不编辑任何数据，点击取消/X【2】2. 打开编辑弹框，编辑数据，点击取消/X，再次打开弹框","【1】1. 弹框关闭【2】1. 弹框显示编辑前保存的数据","【1】【2】",无,P3,
"【开票信息管理】销项信息管理，编辑 - 确认",开票信息管理|销项信息管理,待评审,,"登录有相应权限的用户，进入销方信息管理","【1】1. 点击编辑按钮【2】2. 销方纳税人识别号和公司置灰效验【3】3. 开票人/开户行/生产地址中输入正确有效的数据【4】4. 账户账号输入数字【5】5. 联系电话输入正确的电话【6】6. 联系邮箱输入正确的邮箱【7】7. 点击确认","【1】1. 打开编辑弹框【2】1. 输入框置灰【3】1. 数据成功输入【4】1. 数据成功输入【5】1. 数据成功输入【6】1. 数据成功输入【7】1. 数据编辑成功，在列表显示修改后的数据2. 在其他页面的销方发票的信息更新，例如销项管理的销方开票人和手工开票新增/编辑的销售方信息","【1】【2】【3】【4】【5】【6】【7】",无,P1,
"【开票信息管理】销项信息管理，上传 - 必填项效验",开票信息管理|销项信息管理,待评审,,"登录有相应权限的用户，进入销方信息管理","【1】1. 点击上传按钮【2】2. 必填项星号效验【3】3. 上传文件（正向效验），点击确认【4】4. 文件为空为空（反向效验），点击确认","【1】1. 打开上传弹框【2】1. 上传文件为必填项，显示必填项星号【3】1. 可成功上传【4】1. 提示效验失败","【1】【2】【3】【4】",无,P3,
"【开票信息管理】销项信息管理，上传 - 文件大小效验",开票信息管理|销项信息管理,待评审,,"登录有相应权限的用户，进入销方信息管理","【1】1. 点击上传按钮【2】2. 上传超过20mb的文件","【1】1. 打开上传弹框【2】1. 提示效验失败","【1】【2】",无,P3,
"【开票信息管理】销项信息管理，上传 - 文件类型效验",开票信息管理|销项信息管理,待评审,,"登录有相应权限的用户，进入销方信息管理","【1】1. 点击上传按钮【2】2. 上传类型不为xlsx的文件","【1】1. 打开上传弹框【2】1. 提示效验失败","【1】【2】",无,P3,
"【开票信息管理】销项信息管理，上传 - 文件个数效验",开票信息管理|销项信息管理,待评审,,"登录有相应权限的用户，进入销方信息管理","【1】1. 点击上传按钮【2】2. 上传多个文件","【1】1. 打开上传弹框【2】1. 提示效验失败","【1】【2】",无,P3,
"【开票信息管理】销项信息管理，上传 - 下载模板",开票信息管理|销项信息管理,待评审,,"登录有相应权限的用户，进入销方信息管理","【1】1. 点击上传按钮【2】2. 点击下载模板","【1】1. 打开上传弹框【2】1. 成功下载模板2. 下载模板的名称显示正确3. 下载文件的内容显示正确","【1】【2】",无,P3,
"【开票信息管理】销项信息管理，上传 - 正向上传1，非必填项不为空",开票信息管理|销项信息管理,待评审,,"登录有相应权限的用户，进入销方信息管理","【1】1. 点击上传按钮【2】2. 上传数据格式正确，非必填项不为空的文件","【1】1. 打开上传弹框【2】1. 数据上传成功，在列表显示对应的数据，在销项纳税人搜索框显示对应的数据2. 在其他页面的销项下拉框中，显示新增的数据3. 在上传记录弹框显示对应的数据","【1】【2】",无,P1,
"【开票信息管理】销项信息管理，上传 - 正向上传2，非必填项为空",开票信息管理|销项信息管理,待评审,,"登录有相应权限的用户，进入销方信息管理","【1】1. 点击上传按钮【2】2. 上传数据格式正确，非必填项为空的文件","【1】1. 打开上传弹框【2】1. 数据上传成功，在列表显示对应的数据，在销项纳税人搜索框显示对应的数据2. 在其他页面的销项下拉框中，显示新增的数据3. 在上传记录弹框显示对应的数据","【1】【2】",无,P1,
"【开票信息管理】销项信息管理，上传 - 反向上传1，数据错误",开票信息管理|销项信息管理,待评审,,"登录有相应权限的用户，进入销方信息管理","【1】1. 点击上传按钮【2】2. 上传数据格式错误的文件","【1】1. 打开上传弹框【2】1. 数据上传失败，并给出对应的提示2. 在上传记录弹框显示对应的数据","【1】【2】",无,P3,
"【开票信息管理】销项信息管理，上传 - 反向上传2，数据重复",开票信息管理|销项信息管理,待评审,,"登录有相应权限的用户，进入销方信息管理","【1】1. 点击上传按钮【2】2. 上传纳税人重复的数据的文件","【1】1. 打开上传弹框【2】1. 数据上传失败，并给出对应的提示2. 在上传记录弹框显示对应的数据","【1】【2】",无,P3,
"【开票信息管理】销项信息管理，上传 - 反向上传3，必填项未填",开票信息管理|销项信息管理,待评审,,"登录有相应权限的用户，进入销方信息管理","【1】1. 点击上传按钮【2】2. 上传必填项为空的文件","【1】1. 打开上传弹框【2】1. 数据上传失败，并给出对应的提示2. 在上传记录弹框显示对应的数据","【1】【2】",无,P3,
"【开票信息管理】销项信息管理，上传 - 反向上传3，必填项未填",开票信息管理|销项信息管理,待评审,,"登录有相应权限的用户，进入销方信息管理","【1】1. 点击上传按钮【2】2. 上传必填项为空的文件","【1】1. 打开上传弹框【2】1. 数据上传失败，并给出对应的提示2. 在上传记录弹框显示对应的数据","【1】【2】",无,P3,
"【开票信息管理】销项信息管理，上传记录 - 列表数据的显示",开票信息管理|销项信息管理,待评审,,"登录有相应权限的用户，进入销方信息管理","【1】1. 点击上传记录【2】2. 列表数据显示","【1】1. 打开上传记录弹框【2】1. 正确显示上传数据的所有信息内容","【1】【2】",无,P2,
"【开票信息管理】销项信息管理，上传记录 - 文件下载",开票信息管理|销项信息管理,待评审,,"登录有相应权限的用户，进入销方信息管理","【1】1. 点击上传记录【2】2.点击文件下载（源文件，源文件收集结果，清洗结果）","【1】1. 打开上传记录弹框【2】1. 下载对应的文件，文件名称及内容显示正确","【1】【2】",无,P2,
"【开票信息管理】销项信息管理，上传记录 - 翻页",开票信息管理|销项信息管理,待评审,,"登录有相应权限的用户，进入销方信息管理","【1】1. 点击上传记录【2】2. 验证选择显示的条数，上一页/下一页，点击页码翻页，输入页码翻页","【1】1. 打开上传记录弹框【2】1. 翻页功能正常","【1】【2】",无,P3,
"【开票信息管理】销项信息管理，上传记录 - X",开票信息管理|销项信息管理,待评审,,"登录有相应权限的用户，进入销方信息管理","【1】1. 点击上传记录【2】2. 点击X","【1】1. 打开上传记录弹框【2】1. 弹框关闭","【1】【2】",无,P3,
"【开票信息管理】销项信息管理，删除",开票信息管理|销项信息管理,待评审,,"登录有相应权限的用户，进入销方信息管理","【1】1. 点击删除按钮【2】2. 点击X/取消【3】3. 点击确定","【1】1. 打开二确认弹框【2】1. 删除弹框关闭，删除取消【3】1. 数据删除成功","【1】【2】【3】",无,P3,
"【开票信息管理】销项信息管理，批量删除",开票信息管理|销项信息管理,待评审,,"登录有相应权限的用户，进入销方信息管理","【1】1. 未勾选任何数据时【2】2. 勾选单个或多个数据【3】3. 点击批量删除按钮【4】4. 点击X/取消【5】5. 点击确定","【1】1. 批量删除按钮置灰【2】1. 批量删除按钮可用【3】1. 弹出二次确认弹框【4】1. 删除弹框关闭，删除取消【5】1. 数据删除成功","【1】【2】【3】【4】【5】",无,P3,
"【开票信息管理】销项信息管理，翻页",开票信息管理|销项信息管理,待评审,,"登录有相应权限的用户，进入销方信息管理","【1】1. 验证选择显示的条数，上一页/下一页，点击页码翻页，输入页码翻页","【1】1. 翻页功能正常","【1】",无,P3,
"【开票信息管理】销项信息管理，搜索 - 默认值效验",开票信息管理|销项信息管理,待评审,,"登录有相应权限的用户，进入销项信息管理","【1】1. 搜索区域的默认值效验","【1】1. 默认值为空","【1】",无,P3,
"【开票信息管理】销项信息管理，搜索 - 下拉框效验",开票信息管理|销项信息管理,待评审,,"登录有相应权限的用户，进入销项信息管理","【1】1. 销方纳税人名称下拉框的值","【1】1. 销方纳税人名称下拉框显示销方信息管理中的所有公司数据","【1】",无,P3,
"【开票信息管理】销项信息管理，搜索 - 正向效验",开票信息管理|销项信息管理,待评审,,"登录有相应权限的用户，进入销项信息管理","【1】2. 在销方纳税人名称选择已存在的数据，其他搜索框为空，点击搜索","【1】1. 列表筛选对应的数据，支持模糊匹配","【1】",无,P3,
"【开票信息管理】销项信息管理，搜索 - 反向效验",开票信息管理|销项信息管理,待评审,,"登录有相应权限的用户，进入销项信息管理","【1】2. 在销方纳税人名称选择不存在的数据，其他搜索框为空，点击搜索","【1】1. 列表显示暂无数据","【1】",无,P3,
"【开票信息管理】销项信息管理，搜索 - 重置",开票信息管理|销项信息管理,待评审,,"登录有相应权限的用户，进入销项信息管理","【1】1. 点击重置","【1】1. 所有搜索框的数据清空","【1】",无,P3,
"【开票信息管理】购方信息管理，新增 - 必填项效验",开票信息管理|购方信息管理,待评审,,"登录有相应权限的用户，进入购方信息管理","【1】1. 点击新增按钮【2】2. 必填项星号效验【3】3. 必填项填入合法数据，非必填项为空（正向效验），点击确认【4】4. 必填项为空（反向效验），点击确认","【1】1. 打开新增弹框【2】1. 购方纳税人识别号和购方纳税人名称为必填项，显示必填项星号【3】1. 可成功新增数据【4】1. 提示效验失败","【1】【2】【3】【4】",无,P3,
"【开票信息管理】购方信息管理，新增 - 长度效验",开票信息管理|购方信息管理,待评审,,"登录有相应权限的用户，进入购方信息管理","【1】1. 点击新增按钮【2】2. 长度校验","【1】1. 打开新增弹框【2】1. 所有输入框输入最大长度后，不允许再输入数据","【1】【2】",无,P3,
"【开票信息管理】购方信息管理，新增 - 数据格式正向效验",开票信息管理|购方信息管理,待评审,,"登录有相应权限的用户，进入购方信息管理","【1】1. 点击新增按钮【2】2. 在账户账号输入数字类型的数据【3】3. 在联系电话输入满足长度的数字或数据加'-'的数据","【1】1. 打开新增弹框【2】1. 可成功输入【3】1. 可成功输入","【1】【2】【3】",无,P3,
"【开票信息管理】购方信息管理，新增 - 数据格式反向效验",开票信息管理|购方信息管理,待评审,,"登录有相应权限的用户，进入购方信息管理","【1】1. 点击新增按钮【2】2. 在账户账号输入非数字类型的数据","【1】1. 打开新增弹框【2】1. 提示输入正确的数据","【1】【2】",无,P3,
"【开票信息管理】购方信息管理，新增 - 唯一性效验",开票信息管理|购方信息管理,待评审,,"登录有相应权限的用户，进入购方信息管理","【1】1. 点击新增按钮【2】2. 在购方纳税人识别号输入已存在的数据，其他必填项填入合法的数据，点击保存【3】3. 在购方纳税人识别号输入不存在的数据，其他输入框输入已存在的数据，点击保存","【1】1. 打开新增弹框【2】1. 提示效验失败【3】1. 保存成功","【1】【2】【3】",无,P3,
"【开票信息管理】购方信息管理，新增 - 取消/X",开票信息管理|购方信息管理,待评审,,"登录有相应权限的用户，进入购方信息管理","【1】1. 打开新增弹框，不输入任何数据，点击取消/X【2】2. 打开新增弹框，输入数据，点击取消/X，再次打开弹框","【1】1. 弹框关闭【2】1. 弹框显示默认空数据","【1】【2】",无,P3,
"【开票信息管理】购方信息管理，新增 - 确认",开票信息管理|购方信息管理,待评审,,"登录有相应权限的用户，进入购方信息管理","【1】1. 点击新增按钮【2】2. 购方纳税人识别号输入未重复的数据【3】3. 购方纳税人名称中输入正确的名称【4】4. 联系邮件/联系人姓名/生产地址/开户行名称中输入正确有效的数据【5】5. 账户账号输入数字【6】6. 联系电话输入正确的电话【7】7. 点击确认","【1】1. 打开新增弹框【2】1. 数据成功输入【3】1. 数据成功输入【4】1. 数据成功输入【5】1. 数据成功输入【6】1. 数据成功输入【7】1. 数据新增成功，在列表显示对应的数据2. 在其他页面的购方信息带出正确的数据（例如手工开票 - 新增/编辑的购买方信息）","【1】【2】【3】【4】【5】【6】【7】",无,P1,
"【开票信息管理】购方信息管理，编辑 - 置灰效验",开票信息管理|购方信息管理,待评审,,"登录有相应权限的用户，进入购方信息管理","【1】1. 点击编辑按钮【2】2. 置灰效验","【1】1. 打开编辑弹框【2】1. 销项纳税人识别号和纳税人名称置灰","【1】【2】",无,P3,
"【开票信息管理】购方信息管理，编辑 - 长度效验",开票信息管理|购方信息管理,待评审,,"登录有相应权限的用户，进入购方信息管理","【1】1. 点击编辑按钮【2】2. 长度校验","【1】1. 打开编辑弹框【2】1. 所有输入框输入最大长度后，不允许再输入数据","【1】【2】",无,P3,
"【开票信息管理】购方信息管理，编辑 - 数据格式正向效验",开票信息管理|购方信息管理,待评审,,"登录有相应权限的用户，进入购方信息管理","【1】1. 点击编辑按钮【2】2. 在账户账号输入数字类型的数据【3】3. 在联系电话输入满足长度的数字或数据加'-'的数据","【1】1. 打开编辑弹框【2】1. 可成功输入【3】1. 可成功输入","【1】【2】【3】",无,P3,
"【开票信息管理】购方信息管理，编辑 - 数据格式反向效验",开票信息管理|购方信息管理,待评审,,"登录有相应权限的用户，进入购方信息管理","【1】1. 点击编辑按钮【2】2. 在账户账号输入非数字类型的数据【3】3. 在联系电话输入不满足长度的数字或非数字类型的数据","【1】1. 打开编辑弹框【2】1. 提示输入正确的数据【3】1. 提示输入正确的数据","【1】【2】【3】",无,P3,
"【开票信息管理】购方信息管理，编辑 - 取消/X",开票信息管理|购方信息管理,待评审,,"登录有相应权限的用户，进入购方信息管理","【1】1. 打开编辑弹框，不编辑任何数据，点击取消/X【2】2. 打开编辑弹框，编辑数据，点击取消/X，再次打开弹框","【1】1. 弹框关闭【2】1. 弹框显示编辑前保存的数据","【1】【2】",无,P3,
"【开票信息管理】购方信息管理，编辑 - 确认",开票信息管理|购方信息管理,待评审,,"登录有相应权限的用户，进入购方信息管理","【1】1. 点击编辑按钮【2】2. 购方纳税人识别号和公司置灰效验【3】3. 联系邮件/开票人/生产地址/账户账号中输入正确有效的数据【4】4. 账户账号输入数字【5】5. 联系电话输入正确的电话【6】6. 点击确认","【1】1. 打开编辑弹框【2】1. 输入框置灰【3】1. 数据成功输入【4】1. 数据成功输入【5】1. 数据成功输入【6】1. 数据修改成功，在列表显示对应的数据2. 在其他页面的购方信息带出正确的数据（例如手工开票 - 新增/编辑的购买方信息）","【1】【2】【3】【4】【5】【6】",无,P1,
"【开票信息管理】购方信息管理，批量删除",开票信息管理|购方信息管理,待评审,,"登录有相应权限的用户，进入购方信息管理","【1】1. 未勾选任何数据时【2】2. 勾选单个或多个数据【3】3. 点击批量删除按钮【4】4. 点击X/取消【5】5. 点击确定","【1】1. 批量删除按钮置灰【2】1. 批量删除按钮可用【3】1. 弹出二次确认弹框【4】1. 删除弹框关闭，删除取消【5】1. 数据删除成功","【1】【2】【3】【4】【5】",无,P3,
"【开票信息管理】购方信息管理，删除",开票信息管理|购方信息管理,待评审,,"登录有相应权限的用户，进入购方信息管理","【1】1. 点击删除按钮【2】2. 点击X/取消【3】3. 点击确定","【1】1. 打开二确认弹框【2】1. 删除弹框关闭，删除取消【3】1. 数据删除成功","【1】【2】【3】",无,P3,
"【开票信息管理】购方信息管理，上传 - 必填项效验",开票信息管理|购方信息管理,待评审,,"登录有相应权限的用户，进入购方信息管理","【1】1. 点击上传按钮【2】2. 必填项星号效验【3】3. 上传文件（正向效验），点击确认【4】4. 文件为空为空（反向效验），点击确认","【1】1. 打开上传弹框【2】1. 上传文件为必填项，显示必填项星号【3】1. 可成功上传【4】1. 提示效验失败","【1】【2】【3】【4】",无,P3,
"【开票信息管理】购方信息管理，上传 - 文件大小效验",开票信息管理|购方信息管理,待评审,,"登录有相应权限的用户，进入购方信息管理","【1】1. 点击上传按钮【2】2. 上传超过20mb的文件","【1】1. 打开上传弹框【2】1. 提示效验失败","【1】【2】",无,P3,
"【开票信息管理】购方信息管理，上传 - 文件类型效验",开票信息管理|购方信息管理,待评审,,"登录有相应权限的用户，进入购方信息管理","【1】1. 点击上传按钮【2】2. 上传类型不为xlsx的文件","【1】1. 打开上传弹框【2】1. 提示效验失败","【1】【2】",无,P3,
"【开票信息管理】购方信息管理，上传 - 文件个数效验",开票信息管理|购方信息管理,待评审,,"登录有相应权限的用户，进入购方信息管理","【1】1. 点击上传按钮【2】2. 上传多个文件","【1】1. 打开上传弹框【2】1. 提示效验失败","【1】【2】",无,P3,
"【开票信息管理】购方信息管理，上传 - 下载模板",开票信息管理|购方信息管理,待评审,,"登录有相应权限的用户，进入购方信息管理","【1】1. 点击上传按钮【2】2. 点击下载模板","【1】1. 打开上传弹框【2】1. 成功下载模板2. 下载模板的名称显示正确3. 下载文件的内容显示正确","【1】【2】",无,P3,
"【开票信息管理】购方信息管理，上传 - 正向上传1，非必填项不为空",开票信息管理|购方信息管理,待评审,,"登录有相应权限的用户，进入购方信息管理","【1】1. 点击上传按钮【2】2. 上传数据格式正确，非必填项不为空的文件","【1】1. 打开上传弹框【2】1. 数据修改成功，在列表显示对应的数据2. 在其他页面的购方信息带出正确的数据（例如手工开票 - 新增/编辑的购买方信息）","【1】【2】",无,P1,
"【开票信息管理】购方信息管理，上传 - 正向上传2，非必填项为空",开票信息管理|购方信息管理,待评审,,"登录有相应权限的用户，进入购方信息管理","【1】1. 点击上传按钮【2】2. 上传数据格式正确，非必填项为空的文件","【1】1. 打开上传弹框【2】1. 数据修改成功，在列表显示对应的数据2. 在其他页面的购方信息带出正确的数据（例如手工开票 - 新增/编辑的购买方信息）","【1】【2】",无,P1,
"【开票信息管理】购方信息管理，上传 - 反向上传1，数据错误",开票信息管理|购方信息管理,待评审,,"登录有相应权限的用户，进入购方信息管理","【1】1. 点击上传按钮【2】2. 上传数据格式错误的文件","【1】1. 打开上传弹框【2】1. 数据上传失败，并给出对应的提示2. 在上传记录弹框显示对应的数据","【1】【2】",无,P3,
"【开票信息管理】购方信息管理，上传 - 反向上传2，数据重复",开票信息管理|购方信息管理,待评审,,"登录有相应权限的用户，进入购方信息管理","【1】1. 点击上传按钮【2】2. 上传纳税人重复的数据的文件","【1】1. 打开上传弹框【2】1. 数据上传失败，并给出对应的提示2. 在上传记录弹框显示对应的数据","【1】【2】",无,P3,
"【开票信息管理】购方信息管理，上传 - 反向上传3，必填项未填",开票信息管理|购方信息管理,待评审,,"登录有相应权限的用户，进入购方信息管理","【1】1. 点击上传按钮【2】2. 上传必填项为空的文件","【1】1. 打开上传弹框【2】1. 数据上传失败，并给出对应的提示2. 在上传记录弹框显示对应的数据","【1】【2】",无,P3,
"【开票信息管理】购方信息管理，翻页",开票信息管理|购方信息管理,待评审,,"登录有相应权限的用户，进入购方信息管理","【1】1. 验证选择显示的条数，上一页/下一页，点击页码翻页，输入页码翻页","【1】1. 翻页功能正常","【1】",无,P3,
"【开票信息管理】购方信息管理，搜索 - 默认值效验",开票信息管理|购方信息管理,待评审,,"登录有相应权限的用户，进入购方信息管理","【1】1. 搜索区域的默认值效验","【1】1. 默认值为空","【1】",无,P3,
"【开票信息管理】购方信息管理，搜索 - 正向效验（单条件）",开票信息管理|购方信息管理,待评审,,"登录有相应权限的用户，进入购方信息管理","【1】2. 在购方纳税人识别号搜索框输入已存在的数据，其他搜索框为空，点击搜索【2】3. 在购方纳税人名称搜索框输入已存在的数据，其他搜索框为空，点击搜索","【1】1. 列表筛选对应的数据，支持模糊匹配【2】1. 列表筛选对应的数据，支持模糊匹配","【1】【2】",无,P3,
"【开票信息管理】购方信息管理，搜索 - 反向效验（单条件）",开票信息管理|购方信息管理,待评审,,"登录有相应权限的用户，进入购方信息管理","【1】2. 在购方纳税人识别号搜索框输入不存在的数据，其他搜索框为空，点击搜索【2】3. 在购方纳税人名称搜索框输入不存在的数据，其他搜索框为空，点击搜索","【1】1. 列表显示暂无数据【2】1. 列表显示暂无数据","【1】【2】",无,P3,
"【开票信息管理】购方信息管理，搜索 - 正向效验（多条件）",开票信息管理|购方信息管理,待评审,,"登录有相应权限的用户，进入购方信息管理","【1】1. 在购方纳税人识别号/购方纳税人名称多个搜索框中，选择存在的数据","【1】1. 列表筛选对应的数据，支持模糊匹配","【1】",无,P3,
"【开票信息管理】购方信息管理，搜索 - 反向效验（多条件）",开票信息管理|购方信息管理,待评审,,"登录有相应权限的用户，进入购方信息管理","【1】1. 在购方纳税人识别号/购方纳税人名称多个搜索框中，选择不存在的数据","【1】1. 列表显示暂无数据","【1】",无,P3,
"【开票信息管理】购方信息管理，搜索 - 重置",开票信息管理|购方信息管理,待评审,,"登录有相应权限的用户，进入购方信息管理","【1】1. 点击重置","【1】1. 所有搜索框的数据清空","【1】",无,P3,
"【开票信息管理】授信额度管理，新增 - 必填项效验",开票信息管理|授信额度管理,待评审,,"登录有相应权限的用户，进入销方信息管理","【1】1. 点击新增按钮【2】2. 必填项星号效验【3】3. 必填项填入合法数据（正向效验），点击确认【4】4. 必填项为空（反向效验），点击确认","【1】1. 打开新增弹框【2】1. 企业名称为必填项，显示必填项星号【3】1. 可成功新增数据【4】1. 提示效验失败","【1】【2】【3】【4】",无,P3,
"【开票信息管理】授信额度管理，下拉框数据来源效验",开票信息管理|授信额度管理,待评审,,"登录有相应权限的用户，进入授信额度管理","【1】1. 点击新增按钮【2】2. 下拉框数据来源","【1】1. 打开新增弹框【2】1. 显示销方信息管理的所有公司数据","【1】【2】",无,P3,
"【开票信息管理】授信额度管理，新增 - 唯一性效验",开票信息管理|授信额度管理,待评审,,"登录有相应权限的用户，进入授信额度管理","【1】1. 点击新增按钮【2】2. 在企业名称选择已存在的数据，点击保存【3】3. 在企业名称选择不存在的数据，点击保存","【1】1. 打开新增弹框【2】1. 提示效验失败【3】1. 保存成功","【1】【2】【3】",无,P3,
"【开票信息管理】授信额度管理，新增 - 取消/X",开票信息管理|授信额度管理,待评审,,"登录有相应权限的用户，进入授信额度管理","【1】1. 打开新增弹框，不输入任何数据，点击取消/X【2】2. 打开新增弹框，输入数据，点击取消/X，再次打开弹框","【1】1. 弹框关闭【2】1. 弹框显示默认空数据","【1】【2】",无,P3,
"【开票信息管理】授信额度管理，新增 - 确认",开票信息管理|授信额度管理,待评审,,"登录有相应权限的用户，进入授信额度管理","【1】1. 点击新增按钮【2】2. 在企业名称下拉框选择未重复的数据【3】8. 点击确认","【1】1. 打开新增弹框【2】1. 选择成功【3】1. 数据新增成功，在列表显示对应的数据及具体信息","【1】【2】【3】",无,P1,
"【开票信息管理】授信额度管理，额度获取",开票信息管理|授信额度管理,待评审,,"登录有相应权限的用户，进入授信额度管理","【1】1. 点击额度获取操作","【1】1. 调用“ 查询纳税人授信额度”接口，同步更新当前纳税人的授信额度。2. 所属期也需要更新","【1】",无,P2,
"【开票信息管理】授信额度管理，异常标志",开票信息管理|授信额度管理,待评审,,"登录有相应权限的用户，进入授信额度管理","【1】1. 当暂停授信标志为否时【2】2. 当暂停授信标志为是时","【1】1. 允许开具发票【2】1. 不允许开具发票","【1】【2】",无,P2,
"【开票信息管理】授信额度管理，翻页",开票信息管理|授信额度管理,待评审,,"登录有相应权限的用户，进入授信额度管理","【1】1. 验证选择显示的条数，上一页/下一页，点击页码翻页，输入页码翻页","【1】1. 翻页功能正常","【1】",无,P3,
"【开票信息管理】授信额度管理，搜索 - 默认值效验",开票信息管理|授信额度管理,待评审,,"登录有相应权限的用户，进入授信额度管理","【1】1. 搜索区域的默认值效验","【1】1. 默认值为空","【1】",无,P3,
"【开票信息管理】授信额度管理，搜索 - 下拉框效验",开票信息管理|授信额度管理,待评审,,"登录有相应权限的用户，进授信额度管理","【1】1. 销方纳税人名称下拉框的值","【1】1. 销方纳税人名称下拉框显示销方信息管理中的所有公司数据","【1】",无,P3,
"【开票信息管理】授信额度管理，搜索 - 正向效验",开票信息管理|授信额度管理,待评审,,"登录有相应权限的用户，进入授信额度管理","【1】2. 在销方纳税人名称搜索框选择已存在的数据，点击搜索","【1】1. 列表筛选对应的数据，支持模糊匹配","【1】",无,P3,
"【开票信息管理】授信额度管理，搜索 - 反向效验",开票信息管理|授信额度管理,待评审,,"登录有相应权限的用户，进入授信额度管理","【1】1. 点击创建日期搜索框【2】2. 在销方纳税人名称搜索框选择不存在的数据，点击搜索","【1】1. 弹出日期选择器【2】1. 列表显示暂无数据","【1】【2】",无,P3,
"【开票信息管理】授信额度管理，搜索 - 重置",开票信息管理|授信额度管理,待评审,,"登录有相应权限的用户，进入授信额度管理","【1】1. 点击重置","【1】1. 所有搜索框的数据清空","【1】",无,P3,
"【开票信息管理】商品编码规则映射，新增 - 必填项效验",开票信息管理|商品编码规则映射,待评审,,"登录有相应权限的用户，进入商品编码规则映射","【1】1. 点击新增按钮【2】2. 必填项星号效验【3】3. 必填项填入合法数据，非必填项为空（正向效验），点击确认【4】4. 必填项为空（反向效验），点击确认","【1】1. 打开新增弹框【2】1. 商品名称、税收分类编码、税率为必填项，显示必填项星号【3】1. 可成功新增数据【4】1. 提示效验失败","【1】【2】【3】【4】",无,P3,
"【开票信息管理】商品编码规则映射，新增 - 长度效验",开票信息管理|商品编码规则映射,待评审,,"登录有相应权限的用户，进入商品编码规则映射","【1】1. 点击新增按钮【2】2. 长度校验","【1】1. 打开新增弹框【2】1. 所有输入框输入最大长度后，不允许再输入数据","【1】【2】",无,P3,
"【开票信息管理】商品编码规则映射，新增 - 唯一性效验",开票信息管理|商品编码规则映射,待评审,,"登录有相应权限的用户，进入商品编码规则映射","【1】1. 点击新增按钮【2】2. 在税收分类编码输入已存在的数据，其他必填项填入合法的数据，点击保存【3】3. 在税收分类编码输入不存在的数据，其他输入框输入已存在的数据，点击保存","【1】1. 打开新增弹框【2】1. 提示效验失败【3】1. 保存成功","【1】【2】【3】",无,P3,
"【开票信息管理】商品编码规则映射，新增 - 置灰项效验",开票信息管理|商品编码规则映射,待评审,,"登录有相应权限的用户，进入手工开票","【1】1. 点击新增按钮【2】2. 置灰项效验","【1】1. 打开新增弹框【2】1. 税收分类编码和税收分类简称为置灰项","【1】【2】",无,P3,
"【开票信息管理】商品编码规则映射，新增 - 取消/X",开票信息管理|商品编码规则映射,待评审,,"登录有相应权限的用户，进入商品编码规则映射","【1】1. 打开新增弹框，不输入任何数据，点击取消/X【2】2. 打开新增弹框，输入数据，点击取消/X，再次打开弹框","【1】1. 弹框关闭【2】1. 弹框显示默认空数据","【1】【2】",无,P3,
"【开票信息管理】商品编码规则映射，新增 - 下拉框的数据",开票信息管理|商品编码规则映射,待评审,,"登录有相应权限的用户，进入商品编码规则映射","【1】1. 点击新增按钮【2】2. 优惠政策标识下拉框的值【3】3. 优惠政策标识选择“免税/不征税”","【1】1. 打开新增弹框【2】1. 正常税率2. 免税3. 不征税【3】1. 税率为0%","【1】【2】【3】",无,P3,
"【开票信息管理】商品编码规则映射，，新增 - 开票信息tab - 选择商品",开票信息管理|商品编码规则映射,待评审,,"登录有相应权限的用户，进入手工开票","【1】1. 打开新增弹框，点击税收分类编码【2】2. 搜索框搜索【3】3.勾选商品名称，点击确认选择【4】4. 翻页功能正常【5】5.点击x","【1】1. 打开选择税收分类编码弹框，正确显示所有商品及其信息【2】1. 输入满足条件的数据，可模糊匹配2. 输入不满足条件的数据，提示暂无数据3. 点击重置，清空搜索框【3】1. 弹框关闭，选择的所有数据回写到新增列表中【4】1. 验证选择显示的条数，上一页/下一页，点击页码翻页，输入页码翻页【5】1. 弹框关闭，操作取消","【1】【2】【3】【4】【5】",无,P2,
"【开票信息管理】商品编码规则映射，新增 - 确认（只填必填项）",开票信息管理|商品编码规则映射,待评审,,"登录有相应权限的用户，进入商品编码规则映射","【1】1. 点击新增按钮【2】2. 在所有必填项选择合法的数据【3】3. 点击确认","【1】1. 打开新增弹框【2】1. 数据成功输入【3】1. 数据新增成功，在列表显示对应的数据2. 在开票申请单导入申请单时，商品税率为空，自动匹配所有公司对应商品的税率","【1】【2】【3】",无,P1,
"【开票信息管理】商品编码规则映射，新增 - 确认（填所有选项）",开票信息管理|商品编码规则映射,待评审,,"登录有相应权限的用户，进入商品编码规则映射","【1】1. 点击新增按钮【2】2. 在所有选项选择合法的数据【3】3. 点击确认","【1】1. 打开新增弹框【2】1. 数据成功输入【3】1. 数据新增成功，在列表显示对应的数据2. 在开票申请单导入申请单时，商品税率为空，自动匹配适用公司对应商品的税率","【1】【2】【3】",无,P1,
"【开票信息管理】商品编码规则映射，编辑 - 必填项效验",开票信息管理|商品编码规则映射,待评审,,"登录有相应权限的用户，进入商品编码规则映射","【1】1. 点击编辑按钮【2】2. 必填项星号效验【3】3. 必填项填入合法数据，非必填项为空（正向效验），点击确认【4】4. 必填项为空（反向效验），点击确认","【1】1. 打开编辑弹框【2】1. 商品名称、税收分类编码、税率为必填项，显示必填项星号【3】1. 可成功编辑数据【4】1. 提示效验失败","【1】【2】【3】【4】",无,P3,
"【开票信息管理】商品编码规则映射，编辑 - 长度效验",开票信息管理|商品编码规则映射,待评审,,"登录有相应权限的用户，进入商品编码规则映射","【1】1. 点击编辑按钮【2】2. 长度校验","【1】1. 打开编辑弹框【2】1. 所有输入框输入最大长度后，不允许再输入数据","【1】【2】",无,P3,
"【开票信息管理】商品编码规则映射，编辑 - 唯一性效验",开票信息管理|商品编码规则映射,待评审,,"登录有相应权限的用户，进入商品编码规则映射","【1】1. 点击编辑按钮【2】2. 在税收分类编码输入已存在的数据，其他必填项填入合法的数据，点击保存【3】3. 在税收分类编码输入不存在的数据，其他输入框输入已存在的数据，点击保存","【1】1. 打开编辑弹框【2】1. 提示效验失败【3】1. 保存成功","【1】【2】【3】",无,P3,
"【开票信息管理】商品编码规则映射，编辑 - 置灰项效验",开票信息管理|商品编码规则映射,待评审,,"登录有相应权限的用户，进入手工开票","【1】1. 点击编辑按钮【2】2. 置灰项效验","【1】1. 打开编辑弹框【2】1. 税收分类编码和税收分类简称为置灰项","【1】【2】",无,P3,
"【开票信息管理】商品编码规则映射，编辑 - 取消/X",开票信息管理|商品编码规则映射,待评审,,"登录有相应权限的用户，进入商品编码规则映射","【1】1. 打开编辑弹框，不输入任何数据，点击取消/X【2】2. 打开编辑弹框，输入数据，点击取消/X，再次打开弹框","【1】1. 弹框关闭【2】1. 弹框显示默认空数据","【1】【2】",无,P3,
"【开票信息管理】商品编码规则映射，编辑 - 下拉框的数据",开票信息管理|商品编码规则映射,待评审,,"登录有相应权限的用户，进入商品编码规则映射","【1】1. 点击编辑按钮【2】2. 优惠政策标识下拉框的值【3】3. 优惠政策标识选择“免税/不征税”","【1】1. 打开编辑弹框【2】1. 正常税率2. 免税3. 不征税【3】1. 税率为0%","【1】【2】【3】",无,P3,
"【开票信息管理】商品编码规则映射，编辑 - 开票信息tab - 选择商品",开票信息管理|商品编码规则映射,待评审,,"登录有相应权限的用户，进入手工开票","【1】1. 打开编辑弹框，点击税收分类编码【2】2. 搜索框搜索【3】3.勾选商品名称，点击确认选择【4】4. 翻页功能正常【5】5.点击x","【1】1. 打开选择税收分类编码弹框，正确显示所有商品及其信息【2】1. 输入满足条件的数据，可模糊匹配2. 输入不满足条件的数据，提示暂无数据3. 点击重置，清空搜索框【3】1. 弹框关闭，选择的所有数据回写到编辑列表中【4】1. 验证选择显示的条数，上一页/下一页，点击页码翻页，输入页码翻页【5】1. 弹框关闭，操作取消","【1】【2】【3】【4】【5】",无,P2,
"【开票信息管理】商品编码规则映射，编辑 - 确认（只填必填项）",开票信息管理|商品编码规则映射,待评审,,"登录有相应权限的用户，进入商品编码规则映射","【1】1. 点击编辑按钮【2】2. 在所有必填项选择合法的数据【3】3. 点击确认","【1】1. 打开编辑弹框【2】1. 数据成功输入【3】1. 数据编辑成功，在列表显示对应的数据2. 在开票申请单导入申请单时，商品税率为空，自动匹配所有公司对应商品的税率","【1】【2】【3】",无,P1,
"【开票信息管理】商品编码规则映射，编辑 - 确认（填所有选项）",开票信息管理|商品编码规则映射,待评审,,"登录有相应权限的用户，进入商品编码规则映射","【1】1. 点击编辑按钮【2】2. 在所有选项选择合法的数据【3】3. 点击确认","【1】1. 打开编辑弹框【2】1. 数据成功输入【3】1. 数据新增成功，在列表显示对应的数据2. 在开票申请单导入申请单时，商品税率为空，自动匹配适用公司对应商品的税率","【1】【2】【3】",无,P1,
"【开票信息管理】商品编码规则映射，上传 - 必填项效验",开票信息管理|商品编码规则映射,待评审,,"登录有相应权限的用户，进入商品编码规则映射","【1】1. 点击上传按钮【2】2. 必填项星号效验【3】3. 上传文件（正向效验），点击确认【4】4. 文件为空为空（反向效验），点击确认","【1】1. 打开上传弹框【2】1. 上传文件为必填项，显示必填项星号【3】1. 可成功上传【4】1. 提示效验失败","【1】【2】【3】【4】",无,P3,
"【开票信息管理】商品编码规则映射，上传 - 文件大小效验",开票信息管理|商品编码规则映射,待评审,,"登录有相应权限的用户，进入商品编码规则映射","【1】1. 点击上传按钮【2】2. 上传超过20mb的文件","【1】1. 打开上传弹框【2】1. 提示效验失败","【1】【2】",无,P3,
"【开票信息管理】商品编码规则映射，上传 - 文件类型效验",开票信息管理|商品编码规则映射,待评审,,"登录有相应权限的用户，进入商品编码规则映射","【1】1. 点击上传按钮【2】2. 上传类型不为xlsx的文件","【1】1. 打开上传弹框【2】1. 提示效验失败","【1】【2】",无,P3,
"【开票信息管理】商品编码规则映射，上传 - 文件个数效验",开票信息管理|商品编码规则映射,待评审,,"登录有相应权限的用户，进入商品编码规则映射","【1】1. 点击上传按钮【2】2. 上传多个文件","【1】1. 打开上传弹框【2】1. 提示效验失败","【1】【2】",无,P3,
"【开票信息管理】商品编码规则映射，上传 - 下载模板",开票信息管理|商品编码规则映射,待评审,,"登录有相应权限的用户，进入商品编码规则映射","【1】1. 点击上传按钮【2】2. 点击下载模板","【1】1. 打开上传弹框【2】1. 成功下载模板2. 下载模板的名称显示正确3. 下载文件的内容显示正确","【1】【2】",无,P3,
"【开票信息管理】商品编码规则映射，上传 - 正向上传1，非必填项不为空",开票信息管理|商品编码规则映射,待评审,,"登录有相应权限的用户，进入商品编码规则映射","【1】1. 点击上传按钮【2】2. 上传数据格式正确，非必填项不为空的文件","【1】1. 打开上传弹框【2】1. 数据上传成功，在列表显示对应的数据2. 在开票申请单导入申请单时，商品税率为空，自动匹配适用公司对应商品的税率","【1】【2】",无,P1,
"【开票信息管理】商品编码规则映射，上传 - 正向上传2，非必填项为空",开票信息管理|商品编码规则映射,待评审,,"登录有相应权限的用户，进入商品编码规则映射","【1】1. 点击上传按钮【2】2. 上传数据格式正确，非必填项为空的文件","【1】1. 打开上传弹框【2】1. 数据上传成功，在列表显示对应的数据2. 在开票申请单导入申请单时，商品税率为空，自动匹配所有公司对应商品的税率","【1】【2】",无,P1,
"【开票信息管理】商品编码规则映射，上传 - 反向上传1，数据错误",开票信息管理|商品编码规则映射,待评审,,"登录有相应权限的用户，进入商品编码规则映射","【1】1. 点击上传按钮【2】2. 上传数据格式错误的文件","【1】1. 打开上传弹框【2】1. 数据上传失败，并给出对应的提示2. 在上传记录弹框显示对应的数据","【1】【2】",无,P3,
"【开票信息管理】商品编码规则映射，上传 - 反向上传2，数据重复",开票信息管理|商品编码规则映射,待评审,,"登录有相应权限的用户，进入商品编码规则映射","【1】1. 点击上传按钮【2】2. 上传纳税人重复的数据的文件","【1】1. 打开上传弹框【2】1. 数据上传失败，并给出对应的提示2. 在上传记录弹框显示对应的数据","【1】【2】",无,P3,
"【开票信息管理】商品编码规则映射，上传 - 反向上传3，必填项未填",开票信息管理|商品编码规则映射,待评审,,"登录有相应权限的用户，进入商品编码规则映射","【1】1. 点击上传按钮【2】2. 上传必填项为空的文件","【1】1. 打开上传弹框【2】1. 数据上传失败，并给出对应的提示2. 在上传记录弹框显示对应的数据","【1】【2】",无,P3,
"【开票信息管理】商品编码规则映射，导出 - 数据为空时",开票信息管理|商品编码规则映射,待评审,,"登录有相应权限的用户，进入商品编码规则映射","【1】1. 当列表的数据为空时，点击导出","【1】1. 导出的文件标题正确2. 导出文件的内容为空","【1】",无,P3,
"【开票信息管理】商品编码规则映射，导出 - 全部导出",开票信息管理|商品编码规则映射,待评审,,"登录有相应权限的用户，进入商品编码规则映射","【1】1. 当列表有数据时，点击导出","【1】1. 导出的文件标题正确2. 导出的文件数据正确","【1】",无,P3,
"【开票信息管理】商品编码规则映射，删除 -  二次确认",开票信息管理|商品编码规则映射,待评审,,"登录有相应权限的用户，进入商品编码规则映射","【1】1. 点击删除","【1】1. 弹出二次确认弹框","【1】",无,P3,
"【开票信息管理】商品编码规则映射，删除 -  确认",开票信息管理|商品编码规则映射,待评审,,"登录有相应权限的用户，进入商品编码规则映射","【1】1. 点击删除【2】2. 在二次确认弹框中，点击确认按钮","【1】1. 弹出二次确认弹框【2】1.数据被成功删除2. 在开票申请单导入申请单时，被删除的商品无法自动匹配对应的税率","【1】【2】",无,P3,
"【开票信息管理】商品编码规则映射，删除 -  取消/X",开票信息管理|商品编码规则映射,待评审,,"登录有相应权限的用户，进入商品编码规则映射","【1】1. 点击删除【2】2. 在二次确认弹框中，点击取消/X","【1】1. 弹出二次确认弹框【2】1. 删除取消，弹框关闭","【1】【2】",无,P3,
"【开票信息管理】商品编码规则映射，翻页",开票信息管理|商品编码规则映射,待评审,,"登录有相应权限的用户，进入手工开票","【1】1. 验证选择显示的条数，上一页/下一页，点击页码翻页，输入页码翻页","【1】1. 翻页功能正常","【1】",无,P3,
"【开票信息管理】商品编码规则映射，搜索 - 默认值效验",开票信息管理|商品编码规则映射,待评审,,"登录有相应权限的用户，进入商品编码规则映射","【1】1. 搜索区域的默认值效验","【1】1. 默认值为空","【1】",无,P3,
"【开票信息管理】商品编码规则，搜索 - 下拉框效验",开票信息管理|商品编码规则映射,待评审,,"登录有相应权限的用户，进入商品编码规则","【1】1. 企业名称下拉框的值","【1】1. 销方纳税人名称下拉框显示销方信息管理中的所有公司数据","【1】",无,P3,
"【开票信息管理】商品编码规则映射，搜索 - 正向效验（单条件）",开票信息管理|商品编码规则映射,待评审,,"登录有相应权限的用户，进入商品编码规则映射","【1】1. 在企业名称搜索框输入已存在的数据，其他搜索框为空，点击搜索【2】2. 在商品名称搜索框输入已存在的数据，其他搜索框为空，点击搜索【3】3. 在税收分类编码框输入已存在的数据，其他搜索框为空，点击搜索【4】4. 在税收分类名称搜索框输入已存在的数据，其他搜索框为空，点击搜索","【1】1. 列表筛选对应的数据，支持模糊匹配【2】1. 列表筛选对应的数据，支持模糊匹配【3】1. 列表筛选对应的数据，支持模糊匹配【4】1. 列表筛选对应的数据，支持模糊匹配","【1】【2】【3】【4】",无,P3,
"【开票信息管理】商品编码规则映射，搜索 - 反向效验（单条件）",开票信息管理|商品编码规则映射,待评审,,"登录有相应权限的用户，进入商品编码规则映射","【1】1. 在企业名称搜索框输入不存在的数据，其他搜索框为空，点击搜索【2】2. 在商品名称搜索框输入不存在的数据，其他搜索框为空，点击搜索【3】3. 在税收分类编码框输入不存在的数据，其他搜索框为空，点击搜索【4】4. 在税收分类名称搜索框输入不存在的数据，其他搜索框为空，点击搜索","【1】1. 列表显示暂无数据【2】1. 列表显示暂无数据【3】1. 列表显示暂无数据【4】1. 列表显示暂无数据","【1】【2】【3】【4】",无,P3,
"【开票信息管理】商品编码规则映射，搜索 - 正向效验（多条件）",开票信息管理|商品编码规则映射,待评审,,"登录有相应权限的用户，进入商品编码规则映射","【1】1. 在企业名称/商品名称//税收分类编码/税收分类名称多个搜索框中，选择存在的数据","【1】1. 列表筛选对应的数据，支持模糊匹配","【1】",无,P3,
"【开票信息管理】商品编码规则映射，搜索 - 反向效验（多条件）",开票信息管理|商品编码规则映射,待评审,,"登录有相应权限的用户，进入商品编码规则映射","【1】1. 在企业名称/商品名称//税收分类编码/税收分类名称多个搜索框中，选择不存在的数据","【1】1. 列表显示暂无数据","【1】",无,P3,
"【开票信息管理】商品编码规则映射，搜索 - 重置",开票信息管理|商品编码规则映射,待评审,,"登录有相应权限的用户，进入商品编码规则映射","【1】1. 点击重置","【1】1. 所有搜索框的数据清空","【1】",无,P3,
